{
  "matrix": [
    [
      3.0508756876204703,
      1.329380853814738
    ],
    [
      1.670945285345827,
      4.814676257584776
    ]
  ],
  "specificity": [
    0.6965061655089358,
    0.7423615802610043
  ]
}