{
  "temporal_full_agreement": 0.11650485436893204,
  "temporal_per_position": [
    0.7815533980582524,
    0.8446601941747572,
    0.6407766990291263,
    0.5145631067961165,
    0.8592233009708737,
    0.4563106796116505,
    0.8543689320388349,
    0.7475728155339806
  ],
  "paraphrase_agreement": 0.10800000000000001,
  "n_paraphrase_scenes": 50
}