{
  "prop_names": [
    "mass",
    "material",
    "object_instance",
    "log_mass"
  ],
  "n_positions": 8,
  "seeds": [
    {
      "seed": 0,
      "v_acc": 0.9034722222222222,
      "t_acc": 0.9461805555555556,
      "v_primary": [
        0,
        0,
        0,
        0,
        0,
        0,
        0,
        0
      ],
      "t_primary": [
        0,
        0,
        0,
        0,
        0,
        0,
        0,
        0
      ],
      "simple_agreement": 1.0,
      "hungarian_agreement": 1.0,
      "matched_similarity": 0.7222222222222222,
      "chance": 0.25,
      "v_mi": [
        [
          0.66369104735964,
          0.08696044191491173,
          0.14910492256720198,
          0.66369104735964
        ],
        [
          0.7143735011495588,
          0.16088561751438088,
          0.10697719740960712,
          0.7143735011495588
        ],
        [
          0.0,
          0.0,
          0.0,
          0.0
        ],
        [
          0.0,
          0.0,
          0.0,
          0.0
        ],
        [
          0.7885471873442518,
          0.22648046379026052,
          0.2981323715031936,
          0.7885471873442518
        ],
        [
          0.531222690277292,
          0.08493336974307299,
          0.08517747371642653,
          0.531222690277292
        ],
        [
          0.5153960666374994,
          0.03716086898072072,
          0.006208127429879267,
          0.5153960666374994
        ],
        [
          0.734738153746071,
          0.1082471564143016,
          0.1262304055801096,
          0.734738153746071
        ]
      ],
      "t_mi": [
        [
          0.5507077408887215,
          0.06952681684472058,
          0.1011229848151115,
          0.5507077408887215
        ],
        [
          0.5969671145435869,
          0.10100729323706822,
          0.05248287194561219,
          0.5969671145435869
        ],
        [
          0.5122796265258653,
          0.12393829391452202,
          0.14914772266621912,
          0.5122796265258653
        ],
        [
          0.1352616867352186,
          0.076394772514912,
          0.06809141097676512,
          0.1352616867352186
        ],
        [
          0.8097043986124358,
          0.11553240490025683,
          0.03938240208273494,
          0.8097043986124358
        ],
        [
          0.7648721282248555,
          0.12637411104766655,
          0.04195221281676073,
          0.7648721282248555
        ],
        [
          0.8346286688344369,
          0.29317664148257255,
          0.32793631822067776,
          0.8346286688344369
        ],
        [
          0.7758695755113527,
          0.2231682774676428,
          0.13804149005799957,
          0.7758695755113527
        ]
      ]
    },
    {
      "seed": 1,
      "v_acc": 0.9107638888888889,
      "t_acc": 0.9270833333333334,
      "v_primary": [
        0,
        0,
        0,
        0,
        0,
        0,
        0,
        0
      ],
      "t_primary": [
        0,
        0,
        0,
        0,
        0,
        0,
        0,
        0
      ],
      "simple_agreement": 1.0,
      "hungarian_agreement": 1.0,
      "matched_similarity": 0.9722222222222222,
      "chance": 0.25,
      "v_mi": [
        [
          0.6990146363957351,
          0.09441826166545918,
          0.1117445021228812,
          0.6990146363957351
        ],
        [
          0.5515223925228163,
          0.10990031418008674,
          0.07346767606537717,
          0.5515223925228163
        ],
        [
          0.6069744567736394,
          0.10565120268160551,
          0.15331989988938058,
          0.6069744567736394
        ],
        [
          0.7249573425644692,
          0.1368832213372626,
          0.1262374936984869,
          0.7249573425644692
        ],
        [
          0.776031134297611,
          0.09431053935530229,
          0.1319077811130583,
          0.776031134297611
        ],
        [
          0.5727298697859784,
          0.05277315040628733,
          0.05904267796135397,
          0.5727298697859784
        ],
        [
          0.48169356796200236,
          0.13686594675678085,
          0.12864057624817032,
          0.48169356796200236
        ],
        [
          0.31588908453766373,
          0.1294676737249618,
          0.1434970984275043,
          0.31588908453766373
        ]
      ],
      "t_mi": [
        [
          0.8495708435325413,
          0.22803254627672373,
          0.26428593074724144,
          0.8495708435325413
        ],
        [
          0.8860899084385012,
          0.1256663741923979,
          0.07258088280653092,
          0.8860899084385012
        ],
        [
          0.5946939328692408,
          0.02415988915643746,
          0.032772494911551195,
          0.5946939328692408
        ],
        [
          0.9359679759103328,
          0.22982229355871153,
          0.24500508365834325,
          0.9359679759103328
        ],
        [
          0.8352104093847242,
          0.2286248197974362,
          0.2616988669297122,
          0.8352104093847242
        ],
        [
          0.6638220121486028,
          0.1350877255499569,
          0.11598747939393476,
          0.6638220121486028
        ],
        [
          0.5121531787071574,
          0.07486654625229255,
          0.06252085301609663,
          0.5121531787071574
        ],
        [
          0.7114439840849148,
          0.11721944611779926,
          0.06869502482634325,
          0.7114439840849148
        ]
      ]
    },
    {
      "seed": 2,
      "v_acc": 0.8864583333333333,
      "t_acc": 0.9503472222222222,
      "v_primary": [
        0,
        0,
        0,
        0,
        0,
        0,
        0,
        0
      ],
      "t_primary": [
        0,
        0,
        0,
        0,
        0,
        0,
        0,
        0
      ],
      "simple_agreement": 1.0,
      "hungarian_agreement": 1.0,
      "matched_similarity": 0.875,
      "chance": 0.25,
      "v_mi": [
        [
          0.46275713166494303,
          0.1350543452404359,
          0.1551258814815775,
          0.46275713166494303
        ],
        [
          0.750579396683448,
          0.13632759890381166,
          0.14061748431172316,
          0.750579396683448
        ],
        [
          0.7780433863902174,
          0.12188958795448457,
          0.1128943936279522,
          0.7780433863902174
        ],
        [
          0.7476350443589874,
          0.07123149555474775,
          0.1052835796661803,
          0.7476350443589874
        ],
        [
          0.5156085995616021,
          0.04507838338899677,
          0.012998541040264992,
          0.5156085995616021
        ],
        [
          0.5245772221523285,
          0.06484484134560473,
          0.021721260989243277,
          0.5245772221523285
        ],
        [
          0.6708759551810193,
          0.17513659197321588,
          0.17100447192676774,
          0.6708759551810193
        ],
        [
          0.7294281243040193,
          0.19695619351185448,
          0.19637216855638823,
          0.7294281243040193
        ]
      ],