{
  "raw_rsa": [
    [
      1.0,
      0.5026805205076001,
      0.5185438930193195,
      0.13832352434641315,
      0.3344319575773777
    ],
    [
      0.5026805205076001,
      0.9999999999999999,
      0.5548282619227123,
      0.18835556923688523,
      0.16379106310576444
    ],
    [
      0.5185438930193195,
      0.5548282619227123,
      1.0,
      0.299773707085144,
      0.16045374819111768
    ],
    [
      0.13832352434641315,
      0.18835556923688523,
      0.299773707085144,
      1.0,
      0.1044735112929755
    ],
    [
      0.3344319575773777,
      0.16379106310576444,
      0.16045374819111768,
      0.1044735112929755,
      1.0
    ]
  ],
  "disc_rsa": [
    [
      0.9999999999999999,
      0.6375500977651042,
      0.7616756870611462,
      0.7274198485627243,
      0.7404826548587136
    ],
    [
      0.6375500977651043,
      1.0,
      0.6991969926604606,
      0.6204217193216134,
      0.6264167581441997
    ],
    [
      0.7616756870611462,
      0.6991969926604606,
      1.0,
      0.713324985605073,
      0.7768219061125152
    ],
    [
      0.7274198485627243,
      0.6204217193216133,
      0.7133249856050728,
      1.0,
      0.7416455147585452
    ],
    [
      0.7404826548587137,
      0.6264167581441997,
      0.7768219061125151,
      0.7416455147585452,
      1.0
    ]
  ],
  "modalities": [
    "vjepa2",
    "dinov2",
    "clip",
    "text",
    "audio"
  ],
  "verdict": "WMCP AMPLIFIES pre-existing alignment",
  "raw_mean_offdiag": 0.296565575628531,
  "disc_mean_offdiag": 0.7044956164850095
}