{
  "vision_on_vision": [
    0.8830658368817557,
    0.9010809040288241,
    0.9184408778250901,
    0.8876514903373731,
    0.8716017032427121,
    0.9210612512283001,
    0.9112348509662627,
    0.8699639698657059,
    0.9023910907304291,
    0.8719292499181134
  ],
  "vision_recv_on_text_raw": [
    0.7943006878480183,
    0.7995414346544383,
    0.7828365542089748,
    0.6469046839174583,
    0.677366524729774,
    0.7412381264330167,
    0.666557484441533,
    0.858172289551261,
    0.8237798886341303,
    0.5633802816901409
  ],
  "vision_recv_on_text_aligned": [
    0.9000982640026204,
    0.8535866360956437,
    0.828693088765149,
    0.8706190632165084,
    0.8771699967245332,
    0.9210612512283001,
    0.8457255158860137,
    0.8604651162790697,
    0.9207337045528988,
    0.7264985260399607
  ],
  "vision_recv_on_shuffled": [
    0.4824762528660334,
    0.49885358663609564,
    0.4569276121847363,
    0.53684900098264,
    0.5031116934163118,
    0.4749426793318048,
    0.47133966590239107,
    0.4716672125777923,
    0.5083524402227317,
    0.5312807075008189
  ],
  "text_recv_on_vision_aligned": [
    0.8722567965935146,
    0.7651490337373076,
    0.8100229282672781,
    0.803144448083852,
    0.8015067147068458,
    0.9200786112020963,
    0.7906976744186046,
    0.8306583688175565,
    0.8503111693416312,
    0.7058630854896822
  ],
  "text_on_text": [
    0.9282672780871274,
    0.874222076645922,
    0.890271863740583,
    0.8716017032427121,
    0.9148378643956764,
    0.9115623976416639,
    0.8716017032427121,
    0.8935473304945954,
    0.9171306911234851,
    0.8752047166721257
  ]
}