{
  "config": {
    "backbone": "V-JEPA 2 ViT-L",
    "feature_dim": 1024,
    "encoder": "MLP (1024->256->128)",
    "vocab_size": 5,
    "n_heads": 2,
    "n_receivers": 3,
    "receiver_reset_interval": 40,
    "reset_mode": "simultaneous",
    "comm_epochs": 400,
    "oracle_epochs": 100,
    "sender_lr": 0.001,
    "receiver_lr": 0.003,
    "tau_start": 3.0,
    "tau_end": 1.0
  },
  "seeds": [
    0,
    1,
    2,
    3,
    4,
    5,
    6,
    7,
    8,
    9,
    10,
    11,
    12,
    13,
    14,
    15,
    16,
    17,
    18,
    19
  ],
  "per_seed": [
    {
      "seed": 0,
      "oracle_both": 0.8569254185692542,
      "train_e": 0.9621036349574633,
      "train_f": 0.9272588055130169,
      "train_both": 0.9062209842154132,
      "holdout_e": 0.8968992248062015,
      "holdout_f": 0.727906976744186,
      "holdout_both": 0.627906976744186,
      "pos_dis": 0.398561272784466,
      "topsim": 0.6503678878513551,
      "entropies": [
        0.9384515652992149,
        0.8516625968350027
      ],
      "mi_matrix": [
        [
          0.6027593015065457,
          0.6885436760574597
        ],
        [
          0.8440438332820621,
          0.2763953139270852
        ]
      ],
      "best_mi_e": 0.8440438332820621,
      "best_mi_f": 0.6885436760574597,
      "nan_count": 0,
      "time_sec": 92.26284313201904
    },
    {
      "seed": 1,
      "oracle_both": 0.9041095890410958,
      "train_e": 0.9211136890951276,
      "train_f": 0.9333843797856048,
      "train_both": 0.8662952646239555,
      "holdout_e": 0.8813953488372093,
      "holdout_f": 0.8007751937984496,
      "holdout_both": 0.6821705426356589,
      "pos_dis": 0.4215767617678824,
      "topsim": 0.6237188116415534,
      "entropies": [
        0.975989422256306,
        0.9003843384302431
      ],
      "mi_matrix": [
        [
          0.5274791102167865,
          0.8412055243472145
        ],
        [
          0.7448335888014783,
          0.3946091606173988
        ]
      ],
      "best_mi_e": 0.7448335888014783,
      "best_mi_f": 0.8412055243472145,
      "nan_count": 0,
      "time_sec": 90.92462182044983
    },
    {
      "seed": 2,
      "oracle_both": 0.9071537290715372,
      "train_e": 0.9296210363495746,
      "train_f": 0.9540581929555896,
      "train_both": 0.8969359331476323,
      "holdout_e": 0.8635658914728682,
      "holdout_f": 0.8744186046511628,
      "holdout_both": 0.737984496124031,
      "pos_dis": 0.24859240738868796,
      "topsim": 0.6154015310201293,
      "entropies": [
        0.9491239545501722,
        0.942138740938507
      ],
      "mi_matrix": [
        [
          0.5202713496853985,
          0.6621691378556012
        ],
        [
          0.6936823518024027,
          0.4974448494080682
        ]
      ],
      "best_mi_e": 0.6936823518024027,
      "best_mi_f": 0.6621691378556012,
      "nan_count": 0,
      "time_sec": 90.97444319725037
    },
    {
      "seed": 3,
      "oracle_both": 0.893455098934551,
      "train_e": 0.9489559164733179,
      "train_f": 0.9165390505359877,
      "train_both": 0.8895078922934077,
      "holdout_e": 0.8883720930232558,
      "holdout_f": 0.7612403100775194,
      "holdout_both": 0.6496124031007752,
      "pos_dis": 0.3410239753793202,
      "topsim": 0.6626219528885176,
      "entropies": [
        0.9948135263998773,
        0.9607810901030791
      ],
      "mi_matrix": [
        [
          0.7582686757704088,
          0.6094177633444802
        ],
        [
          0.8793141818658592,
          0.4521923337290963
        ]
      ],
      "best_mi_e": 0.8793141818658592,
      "best_mi_f": 0.6094177633444802,
      "nan_count": 0,
      "time_sec": 92.00404500961304
    },
    {
      "seed": 4,
      "oracle_both": 0.8873668188736682,
      "train_e": 0.9450889404485692,
      "train_f": 0.886676875957121,
      "train_both": 0.8486536675951718,
      "holdout_e": 0.8914728682170543,
      "holdout_f": 0.796124031007752,
      "holdout_both": 0.6875968992248062,
      "pos_dis": 0.2786482974497637,
      "topsim": 0.6850235111649254,
      "entropies": [
        0.8383014933257774,
        0.9774445160927205
      ],
      "mi_matrix": [
        [
          0.7227995558804887,
          0.36657866972459324
        ],
        [
          0.6029013567058453,
          0.6444432241493872
        ]
      ],
      "best_mi_e": 0.7227995558804887,
      "best_mi_f": 0.6444432241493872,
      "nan_count": 0,
      "time_sec": 91.28453612327576
    },
    {
      "seed": 5,
      "oracle_both": 0.908675799086758,
      "train_e": 0.962877030162413,
      "train_f": 0.9303215926493109,
      "train_both": 0.9136490250696379,
      "holdout_e": 0.931782945736434,
      "holdout_f": 0.8271317829457364,
      "holdout_both": 0.7589147286821706,
      "pos_dis": 0.5800230645129136,
      "topsim": 0.63420354204234,
      "entropies": [
        0.9613770456100982,
        0.994346513337567
      ],
      "mi_matrix": [
        [
          0.4211474826102377,
          0.8092638224326575
        ],
        [
          0.9936819007116571,
          0.317526806852178
        ]
      ],
      "best_mi_e": 0.9936819007116571,
      "best_mi_f": 0.8092638224326575,
      "nan_count": 1,
      "time_sec": 91.1063859462738
    },
    {
      "seed": 6,
      "oracle_both": 0.8751902587519026,
      "train_e": 0.9582366589327146,
      "train_f": 0.9280245022970903,
      "train_both": 0.8987929433611885,
      "holdout_e": 0.8317829457364341,
      "holdout_f": 0.8248062015503876,
      "holdout_both": 0.6565891472868217,
      "pos_dis": 0.07045146816170689,
      "topsim": 0.6361692031847663,
      "entropies": [
        0.9767143879560413,
        0.9763792025094644
      ],
      "mi_matrix": [
        [
          0.650756084470653,
          0.5803179978094625
        ],
        [
          0.66135942995895,
          0.6836905088823061
        ]
      ],
      "best_mi_e": 0.66135942995895,
      "best_mi_f": 0.6836905088823061,
      "nan_count": 0,
      "time_sec": 92.91577887535095
    },
    {
      "seed": 7,
      "oracle_both": 0.8919330289193302,
      "train_e": 0.9412219644238206,
      "train_f": 0.9356814701378254,
      "train_both": 0.8978644382544104,
      "holdout_e": 0.9069767441860465,
      "holdout_f": 0.8224806201550388,
      "holdout_both": 0.7294573643410853,
      "pos_dis": 0.3730930859804307,
      "topsim": 0.6120842534812736,
      "entropies": [
        0.8787556204576951,
        0.8518778257221421
      ],
      "mi_matrix": [
        [
          0.47476089687729267,
          0.6559922838260804
        ],
        [
          0.6994052314529821,
          0.37074382752068674
        ]
      ],
      "best_mi_e": 0.6994052314529821,
      "best_mi_f": 0.6559922838260804,
      "nan_count": 0,
      "time_sec": 91.20538377761841
    },
    {
      "seed": 8,
      "oracle_both": 0.908675799086758,
      "train_e": 0.954369682907966,
      "train_f": 0.9341500765696784,
      "train_both": 0.9052924791086351,
      "holdout_e": 0.9418604651162791,
      "holdout_f": 0.7426356589147287,
      "holdout_both": 0.6844961240310078,
      "pos_dis": 0.4366949476642626,
      "topsim": 0.6333982464140295,
      "entropies": [
        0.9667935983066175,
        0.9446500132407444
      ],
      "mi_matrix": [
        [
          0.790585622985752,
          0.5996485495816721
        ],
        [
          0.8542071999064945,
          0.3144538039037728
        ]
      ],
      "best_mi_e": 0.8542071999064945,
      "best_mi_f": 0.5996485495816721,
      "nan_count": 0,
      "time_sec": 91.31273794174194
    },
    {
      "seed": 9,
      "oracle_both": 0.908675799086758,
      "train_e": 0.9450889404485692,
      "train_f": 0.9226646248085758,
      "train_both": 0.8848653667595172,
      "holdout_e": 0.8891472868217054,
      "holdout_f": 0.7612403100775194,
      "holdout_both": 0.6643410852713179,
      "pos_dis": 0.05944374753738413,