{
  "config": "DINOv2 ViT-S agg-24",
  "per_seed": [
    {
      "seed": 0,
      "holdout_both": 0.7289915966386554,
      "holdout_e": 0.5966386554621849,
      "holdout_f": 0.5966386554621849,
      "pos_dis": 0.0,
      "pos_dis_global": 0.0,
      "topsim": 0.0,
      "entropies": [
        -0.0,
        -0.0,
        -0.0,
        -0.0,
        -0.0,
        -0.0,
        -0.0,
        -0.0
      ],
      "mi_matrix": [
        [
          0.0,
          0.0
        ],
        [
          0.0,
          0.0
        ],
        [
          0.0,
          0.0
        ],
        [
          0.0,
          0.0
        ],
        [
          0.0,
          0.0
        ],
        [
          0.0,
          0.0
        ],
        [
          0.0,
          0.0
        ],
        [
          0.0,
          0.0
        ]
      ],
      "nan_count": 4320,
      "time_sec": 157.13602805137634
    },
    {
      "seed": 1,
      "holdout_both": 0.7294117647058823,
      "holdout_e": 0.5966386554621849,
      "holdout_f": 0.5966386554621849,
      "pos_dis": 0.0,
      "pos_dis_global": 0.0,
      "topsim": 0.0,
      "entropies": [
        -0.0,
        -0.0,
        -0.0,
        -0.0,
        -0.0,
        -0.0,
        -0.0,
        -0.0
      ],
      "mi_matrix": [
        [
          0.0,
          0.0
        ],
        [
          0.0,
          0.0
        ],
        [
          0.0,
          0.0
        ],
        [
          0.0,
          0.0
        ],
        [
          0.0,
          0.0
        ],
        [
          0.0,
          0.0
        ],
        [
          0.0,
          0.0
        ],
        [
          0.0,
          0.0
        ]
      ],
      "nan_count": 4559,
      "time_sec": 153.1293706893921
    },
    {
      "seed": 2,
      "holdout_both": 0.7151260504201681,
      "holdout_e": 0.5966386554621849,
      "holdout_f": 0.5966386554621849,
      "pos_dis": 0.0,
      "pos_dis_global": 0.0,
      "topsim": 0.0,
      "entropies": [
        -0.0,
        -0.0,
        -0.0,
        -0.0,
        -0.0,
        -0.0,
        -0.0,
        -0.0
      ],
      "mi_matrix": [
        [
          0.0,
          0.0
        ],
        [
          0.0,
          0.0
        ],
        [
          0.0,
          0.0
        ],
        [
          0.0,
          0.0
        ],
        [
          0.0,
          0.0
        ],
        [
          0.0,
          0.0
        ],
        [
          0.0,
          0.0
        ],
        [
          0.0,
          0.0
        ]
      ],
      "nan_count": 2220,
      "time_sec": 196.64867615699768
    },
    {
      "seed": 3,
      "holdout_both": 0.7601540616246498,
      "holdout_e": 0.5966386554621849,
      "holdout_f": 0.5966386554621849,
      "pos_dis": 0.0,
      "pos_dis_global": 0.0,
      "topsim": 0.0,
      "entropies": [
        -0.0,
        -0.0,
        -0.0,
        -0.0,
        -0.0,
        -0.0,
        -0.0,
        -0.0
      ],
      "mi_matrix": [
        [
          0.0,
          0.0
        ],
        [
          0.0,
          0.0
        ],
        [
          0.0,
          0.0
        ],
        [
          0.0,
          0.0
        ],
        [
          0.0,
          0.0
        ],
        [
          0.0,
          0.0
        ],
        [
          0.0,
          0.0
        ],
        [
          0.0,
          0.0
        ]
      ],
      "nan_count": 3246,
      "time_sec": 177.25657486915588
    },
    {
      "seed": 4,
      "holdout_both": 0.43529411764705883,
      "holdout_e": 0.5966386554621849,
      "holdout_f": 0.5966386554621849,
      "pos_dis": 0.0,
      "pos_dis_global": 0.0,
      "topsim": 0.0,
      "entropies": [
        -0.0,
        -0.0,
        -0.0,
        -0.0,
        -0.0,
        -0.0,
        -0.0,
        -0.0
      ],
      "mi_matrix": [
        [
          0.0,
          0.0
        ],
        [
          0.0,
          0.0
        ],
        [
          0.0,
          0.0
        ],
        [
          0.0,
          0.0
        ],
        [
          0.0,
          0.0
        ],
        [
          0.0,
          0.0
        ],
        [
          0.0,
          0.0
        ],
        [
          0.0,
          0.0
        ]
      ],
      "nan_count": 5801,
      "time_sec": 128.25922775268555
    },
    {
      "seed": 5,
      "holdout_both": 0.43529411764705883,
      "holdout_e": 0.5966386554621849,
      "holdout_f": 0.5966386554621849,
      "pos_dis": 0.0,
      "pos_dis_global": 0.0,
      "topsim": 0.0,
      "entropies": [
        -0.0,
        -0.0,
        -0.0,
        -0.0,
        -0.0,
        -0.0,
        -0.0,
        -0.0
      ],
      "mi_matrix": [
        [
          0.0,
          0.0
        ],
        [
          0.0,
          0.0
        ],
        [
          0.0,
          0.0
        ],
        [
          0.0,
          0.0
        ],
        [
          0.0,
          0.0
        ],
        [
          0.0,
          0.0
        ],
        [
          0.0,
          0.0
        ],
        [
          0.0,
          0.0
        ]
      ],
      "nan_count": 5657,
      "time_sec": 134.52539205551147
    },
    {
      "seed": 6,
      "holdout_both": 0.43529411764705883,
      "holdout_e": 0.5966386554621849,
      "holdout_f": 0.5966386554621849,
      "pos_dis": 0.0,
      "pos_dis_global": 0.0,
      "topsim": 0.0,
      "entropies": [
        -0.0,
        -0.0,
        -0.0,
        -0.0,
        -0.0,
        -0.0,
        -0.0,
        -0.0
      ],
      "mi_matrix": [
        [
          0.0,
          0.0
        ],
        [
          0.0,
          0.0
        ],
        [
          0.0,
          0.0
        ],
        [
          0.0,
          0.0
        ],
        [
          0.0,
          0.0
        ],
        [
          0.0,
          0.0
        ],
        [
          0.0,
          0.0
        ],
        [
          0.0,
          0.0
        ]
      ],
      "nan_count": 5839,
      "time_sec": 128.17776608467102
    },
    {
      "seed": 7,
      "holdout_both": 0.7450980392156863,
      "holdout_e": 0.5966386554621849,
      "holdout_f": 0.5966386554621849,
      "pos_dis": 0.0,
      "pos_dis_global": 0.0,
      "topsim": 0.0,
      "entropies": [
        -0.0,
        -0.0,
        -0.0,
        -0.0,
        -0.0,
        -0.0,
        -0.0,
        -0.0
      ],
      "mi_matrix": [
        [
          0.0,
          0.0
        ],
        [
          0.0,
          0.0
        ],
        [
          0.0,
          0.0
        ],
        [
          0.0,
          0.0
        ],
        [
          0.0,
          0.0
        ],
        [
          0.0,
          0.0
        ],
        [
          0.0,
          0.0
        ],
        [
          0.0,
          0.0
        ]
      ],
      "nan_count": 4418,
      "time_sec": 155.22733902931213
    },
    {
      "seed": 8,
      "holdout_both": 0.7476190476190476,
      "holdout_e": 0.5966386554621849,
      "holdout_f": 0.5966386554621849,
      "pos_dis": 0.0,
      "pos_dis_global": 0.0,
      "topsim": 0.0,
      "entropies": [
        -0.0,
        -0.0,
        -0.0,
        -0.0,
        -0.0,
        -0.0,
        -0.0,
        -0.0
      ],
      "mi_matrix": [
        [
          0.0,
          0.0
        ],
        [
          0.0,
          0.0
        ],
        [
          0.0,
          0.0
        ],
        [
          0.0,
          0.0
        ],
        [
          0.0,
          0.0
        ],
        [
          0.0,
          0.0
        ],
        [
          0.0,
          0.0
        ],
        [
          0.0,
          0.0
        ]
      ],
      "nan_count": 3356,
      "time_sec": 145.59225487709045
    },
    {
      "seed": 9,
      "holdout_both": 0.43529411764705883,
      "holdout_e": 0.5966386554621849,
      "holdout_f": 0.5966386554621849,
      "pos_dis": 0.0,
      "pos_dis_global": 0.0,
      "topsim": 0.0,