{
  "vjepa_vjepa": {
    "acc": 0.7975193963145041,
    "posdis": 0.6795870603597066
  },
  "vjepa_dino": {
    "acc": 0.8328709901993167,
    "posdis": 0.7780547950794172
  },
  "vjepa_clip": {
    "acc": 0.7086206251733486,
    "posdis": 0.6735928225080504
  },
  "dino_vjepa": {
    "acc": 0.8081998419483692,
    "posdis": 0.5760947378152104
  },
  "dino_dino": {
    "acc": 0.7612416423056929,
    "posdis": 0.5733482608837399
  },
  "dino_clip": {
    "acc": 0.6997279342265997,
    "posdis": 0.5331844649476463
  },
  "clip_vjepa": {
    "acc": 0.7143291549594629,
    "posdis": 0.6551467307968475
  },
  "clip_dino": {
    "acc": 0.7242885092007656,
    "posdis": 0.5537777556931414
  },
  "clip_clip": {
    "acc": 0.560325426493367,
    "posdis": 0.39919015945853265
  }
}