{
  "config": {
    "encoder": "AttentiveProbe (4 queries \u00d7 2048 tokens)",
    "n_queries": 4,
    "comm_epochs": 100,
    "n_seeds": 5
  },
  "per_seed": [
    {
      "seed": 0,
      "oracle_both": 0.9254185692541856,
      "train_e": 0.9644238205723125,
      "train_f": 0.945635528330781,
      "train_both": 0.924791086350975,
      "holdout_e": 0.9434108527131783,
      "holdout_f": 0.8573643410852713,
      "holdout_both": 0.8031007751937984,
      "pos_dis": 0.1486415181414097,
      "topsim": 0.6538562860391255,
      "entropies": [
        0.9821887971198155,
        0.9501248736518992
      ],
      "mi_matrix": [
        [
          0.803525340787924,
          0.6089805366122912
        ],
        [
          0.6140322704219243,
          0.6498857864896744
        ]
      ],
      "best_mi_e": 0.803525340787924,
      "best_mi_f": 0.6498857864896744,
      "nan_count": 0,
      "time_sec": 433.64267802238464
    },
    {
      "seed": 1,
      "oracle_both": 0.9512937595129376,
      "train_e": 0.9025522041763341,
      "train_f": 0.8124042879019908,
      "train_both": 0.7753017641597029,
      "holdout_e": 0.8131782945736434,
      "holdout_f": 0.7046511627906977,
      "holdout_both": 0.5333333333333333,
      "pos_dis": 0.4984723677958732,
      "topsim": 0.5146366626066822,
      "entropies": [
        0.5918344245509248,
        0.646916690338401
      ],
      "mi_matrix": [
        [
          0.6387157570048394,
          0.26217233778602445
        ],
        [
          0.40352797336513224,
          0.23912556410558614
        ]
      ],
      "best_mi_e": 0.6387157570048394,
      "best_mi_f": 0.26217233778602445,
      "nan_count": 0,
      "time_sec": 431.49376702308655
    },
    {
      "seed": 2,
      "oracle_both": 0.9406392694063926,
      "train_e": 0.8375870069605569,
      "train_f": 0.8736600306278713,
      "train_both": 0.755803156917363,
      "holdout_e": 0.8232558139534883,
      "holdout_f": 0.8527131782945736,
      "holdout_both": 0.6976744186046512,
      "pos_dis": 0.14865927480380497,
      "topsim": 0.5458189664742588,
      "entropies": [
        0.7558043616636567,
        0.7365262999196558
      ],
      "mi_matrix": [
        [
          0.43110211345339083,
          0.32796706055305924
        ],
        [
          0.4577620030865681,
          0.43117392081120964
        ]
      ],
      "best_mi_e": 0.4577620030865681,
      "best_mi_f": 0.43117392081120964,
      "nan_count": 0,
      "time_sec": 433.020220041275
    },
    {
      "seed": 3,
      "oracle_both": 0.954337899543379,
      "train_e": 0.9288476411446249,
      "train_f": 0.9326186830015314,
      "train_both": 0.8857938718662952,
      "holdout_e": 0.8093023255813954,
      "holdout_f": 0.8248062015503876,
      "holdout_both": 0.6496124031007752,
      "pos_dis": 0.2968658837097756,
      "topsim": 0.5447611576817223,
      "entropies": [
        0.9488617232256806,
        0.9578454452165958
      ],
      "mi_matrix": [
        [
          0.6121403004164877,
          0.48704708182751316
        ],
        [
          0.40956118886561355,
          0.670727787134076
        ]
      ],
      "best_mi_e": 0.6121403004164877,
      "best_mi_f": 0.670727787134076,
      "nan_count": 0,
      "time_sec": 430.76684308052063
    },
    {
      "seed": 4,
      "oracle_both": 0.943683409436834,
      "train_e": 0.9597834493426141,
      "train_f": 0.9173047473200613,
      "train_both": 0.8904363974001857,
      "holdout_e": 0.9364341085271318,
      "holdout_f": 0.8558139534883721,
      "holdout_both": 0.7922480620155039,
      "pos_dis": 0.347386966953838,
      "topsim": 0.6328102666099957,
      "entropies": [
        0.9669174134786176,
        0.84008204194659
      ],
      "mi_matrix": [
        [
          0.7971861236946056,
          0.5237812072196346
        ],
        [
          0.6323831519788616,
          0.4099035051223866
        ]
      ],
      "best_mi_e": 0.7971861236946056,
      "best_mi_f": 0.5237812072196346,
      "nan_count": 0,
      "time_sec": 431.1269738674164
    }
  ],
  "summary": {
    "holdout_both_mean": 0.6951937984496125,
    "holdout_both_std": 0.09934392075245128,
    "pos_dis_mean": 0.28800520228094034,
    "pos_dis_std": 0.13171230570629822,
    "topsim_mean": 0.578376667882357,
    "topsim_std": 0.05461315619354751,
    "best_mi_e_mean": 0.661865904998085,
    "best_mi_e_std": 0.12887662721765367,
    "best_mi_f_mean": 0.5075482078881238,
    "best_mi_f_std": 0.15046157050038036,
    "compositional_count": 1,
    "compositional_seeds": [
      1
    ],
    "holistic_count": 2
  }
}