{
  "2x8_train_e": 0.9396751740139211,
  "2x8_train_f": 0.9525267993874426,
  "2x8_train_both": 0.9090064995357474,
  "2x8_holdout_e": 0.834108527131783,
  "2x8_holdout_f": 0.9403100775193799,
  "2x8_holdout_both": 0.7744186046511627,
  "1x64_train_e": 0.8870843000773395,
  "1x64_train_f": 0.9081163859111792,
  "1x64_train_both": 0.83008356545961,
  "1x64_holdout_e": 0.7635658914728682,
  "1x64_holdout_f": 0.9170542635658915,
  "1x64_holdout_both": 0.6922480620155039,
  "2x8_posdis": 0.16535586505858543,
  "2x8_topsim": 0.6255476075842582,
  "2x8_entropy": [
    0.8859016551307921,
    0.8253810593753448
  ],
  "1x64_topsim": 0.5051623137390787,
  "1x64_entropy": [
    0.47264931655100095
  ],
  "mode": "dino_iterated_learning",
  "receiver_reset_interval": 20
}