{
  "0.0": {
    "acc_mean": 0.7793524345571105,
    "acc_std": 0.13953870672619462
  },
  "0.1": {
    "acc_mean": 0.7765394713862255,
    "acc_std": 0.1390808171545539
  },
  "0.2": {
    "acc_mean": 0.7676532895821928,
    "acc_std": 0.13804969878575513
  },
  "0.3": {
    "acc_mean": 0.7542200166667851,
    "acc_std": 0.13547875639164214
  },
  "0.4": {
    "acc_mean": 0.7420951216738916,
    "acc_std": 0.13296025085088595
  },
  "0.5": {
    "acc_mean": 0.7207745554973544,
    "acc_std": 0.12707055642988196
  },
  "0.6": {
    "acc_mean": 0.7139166069425756,
    "acc_std": 0.1271300445018655
  },
  "0.7": {
    "acc_mean": 0.7018627901301147,
    "acc_std": 0.12052586630160295
  },
  "0.8": {
    "acc_mean": 0.6893409357285142,
    "acc_std": 0.1129910035230961
  },
  "0.9": {
    "acc_mean": 0.6780203704924508,
    "acc_std": 0.11287519572408114
  }
}