{
  "comparison_linear": {
    "mean": 0.9262787723785166,
    "std": 0.014897972621864866,
    "seeds": [
      0.9322250639386189,
      0.9437340153452686,
      0.9117647058823529,
      0.90153452685422,
      0.9028132992327366,
      0.9373401534526854,
      0.9360613810741688,
      0.8964194373401535,
      0.9207161125319693,
      0.9194373401534527,
      0.9245524296675192,
      0.9450127877237852,
      0.9386189258312021,
      0.9194373401534527,
      0.9475703324808185,
      0.9296675191815856,
      0.9411764705882353,
      0.9194373401534527,
      0.9398976982097187,
      0.9181585677749361
    ]
  },
  "comparison_mlp": {
    "mean": 0.9362531969309462,
    "std": 0.01267388588356765,
    "seeds": [
      0.9450127877237852,
      0.9347826086956522,
      0.9245524296675192,
      0.9322250639386189,
      0.9347826086956522,
      0.9360613810741688,
      0.9552429667519181,
      0.9271099744245525,
      0.9450127877237852,
      0.9386189258312021,
      0.9309462915601023,
      0.9322250639386189,
      0.9335038363171355,
      0.9296675191815856,
      0.9641943734015346,
      0.9450127877237852,
      0.9335038363171355,
      0.8989769820971867,
      0.9462915601023018,
      0.9373401534526854
    ]
  },
  "outcome_linear": {
    "mean": 0.9516666531562805,
    "std": 0.004999995231628418,
    "seeds": [
      0.949999988079071,
      0.949999988079071,
      0.949999988079071,
      0.9583333134651184,
      0.9583333134651184,
      0.9583333134651184,
      0.949999988079071,
      0.949999988079071,
      0.949999988079071,
      0.949999988079071,
      0.9416666626930237,
      0.949999988079071,
      0.9583333134651184,
      0.949999988079071,
      0.949999988079071,
      0.9583333134651184,
      0.949999988079071,
      0.9583333134651184,
      0.949999988079071,
      0.9416666626930237
    ]
  },
  "outcome_mlp": {
    "mean": 0.9437499940395355,
    "std": 0.00638737295716894,
    "seeds": [
      0.9583333134651184,
      0.9416666626930237,
      0.949999988079071,
      0.9416666626930237,
      0.9583333134651184,
      0.9416666626930237,
      0.9416666626930237,
      0.9416666626930237,
      0.949999988079071,
      0.9416666626930237,
      0.9416666626930237,
      0.949999988079071,
      0.9416666626930237,
      0.9416666626930237,
      0.9416666626930237,
      0.9416666626930237,
      0.9333333373069763,
      0.9416666626930237,
      0.9416666626930237,
      0.9333333373069763
    ]
  },
  "reference": {
    "comparison_vjepa2_4agent": 87.4,
    "comparison_vjepa2_msgs": 88.7,
    "outcome_vjepa2_msgs": 88.7,
    "outcome_dinov2_msgs": 78.5
  }
}