{
  "config": {
    "unfreeze_blocks": [
      10,
      11
    ],
    "encoder_lr": 1e-05,
    "sender_lr": 0.001,
    "receiver_lr": 0.003,
    "comm_epochs": 400,
    "n_seeds_e2e": 20,
    "n_seeds_frozen": 20,
    "n_receivers": 3,
    "receiver_reset_interval": 40,
    "seeds_from_phase74": [
      0,
      1,
      2,
      3,
      4
    ],
    "seeds_new": [
      5,
      6,
      7,
      8,
      9,
      10,
      11,
      12,
      13,
      14,
      15,
      16,
      17,
      18,
      19
    ]
  },
  "e2e": {
    "per_seed": [
      {
        "seed": 0,
        "train_both": 0.8765088207985144,
        "holdout_both": 0.7705426356589147,
        "holdout_e": 0.9728682170542635,
        "holdout_f": 0.7976744186046512,
        "pos_dis": 0.42674855119134136,
        "topsim": 0.6374395388946128,
        "mi_matrix": [
          [
            0.7285830183790865,
            0.4018799216277778
          ],
          [
            0.8073401039398487,
            0.48029613803090754
          ]
        ],
        "probe_r2_e": 0.98615277552432,
        "probe_r2_f": 0.9802112890268465,
        "feature_cos_sim": 0.11498892307281494,
        "nan_count": 0,
        "time_sec": 14751.667371988297
      },
      {
        "seed": 1,
        "train_both": 0.9025069637883009,
        "holdout_both": 0.6813953488372093,
        "holdout_e": 0.937984496124031,
        "holdout_f": 0.7434108527131783,
        "pos_dis": 0.3422633102863188,
        "topsim": 0.6698586545667007,
        "mi_matrix": [
          [
            0.6984847986129761,
            0.633482376063889
          ],
          [
            0.8620450661632877,
            0.35217594548565123
          ]
        ],
        "probe_r2_e": 0.9842268657431961,
        "probe_r2_f": 0.9907111620501297,
        "feature_cos_sim": 0.12695099413394928,
        "nan_count": 0,
        "time_sec": 12258.553064107895
      },
      {
        "seed": 2,
        "train_both": 0.9331476323119777,
        "holdout_both": 0.7410852713178294,
        "holdout_e": 0.9736434108527132,
        "holdout_f": 0.7674418604651163,
        "pos_dis": 0.6217763437571665,
        "topsim": 0.6167182999756446,
        "mi_matrix": [
          [
            0.4004385268957821,
            0.7672856186121564
          ],
          [
            1.029357947946051,
            0.24144365467869047
          ]
        ],
        "probe_r2_e": 0.9852025371002056,
        "probe_r2_f": 0.9948156775943401,
        "feature_cos_sim": 0.12421184778213501,
        "nan_count": 0,
        "time_sec": 12244.430634021759
      },
      {
        "seed": 3,
        "train_both": 0.9238625812441968,
        "holdout_both": 0.7077519379844961,
        "holdout_e": 0.913953488372093,
        "holdout_f": 0.7937984496124031,
        "pos_dis": 0.3822406070813782,
        "topsim": 0.6484956780981436,
        "mi_matrix": [
          [
            0.9735302997847283,
            0.3721708809997015
          ],
          [
            0.7042458609456694,
            0.6008828533839106
          ]
        ],
        "probe_r2_e": 0.9872021851448533,
        "probe_r2_f": 0.9961278576866915,
        "feature_cos_sim": 0.10958503931760788,
        "nan_count": 0,
        "time_sec": 12257.647187948227
      },
      {
        "seed": 4,
        "train_both": 0.9535747446610956,
        "holdout_both": 0.6689922480620155,
        "holdout_e": 0.913953488372093,
        "holdout_f": 0.7550387596899225,
        "pos_dis": 0.3500211415498885,
        "topsim": 0.6749446957861414,
        "mi_matrix": [
          [
            0.9859350921191056,
            0.440015336904223
          ],
          [
            0.6284514859544614,
            0.7361801777778616
          ]
        ],
        "probe_r2_e": 0.9872772661866497,
        "probe_r2_f": 0.99492840342946,
        "feature_cos_sim": 0.11470190435647964,
        "nan_count": 0,
        "time_sec": 12302.947939872742
      },
      {
        "seed": 5,
        "train_both": 0.9377901578458682,
        "holdout_both": 0.7286821705426356,
        "holdout_e": 0.9100775193798449,
        "holdout_f": 0.8147286821705426,
        "pos_dis": 0.41494679308286464,
        "topsim": 0.6372132181379482,
        "mi_matrix": [
          [
            0.9506075477026907,
            0.3787282302413638
          ],
          [
            0.5748801685942122,
            0.7449530078315586
          ]
        ],
        "probe_r2_e": 0.9839348196983337,
        "probe_r2_f": 0.9959394335746765,
        "feature_cos_sim": 0.11942829191684723,
        "nan_count": 1,
        "time_sec": 15533.613367080688
      },
      {
        "seed": 6,
        "train_both": 0.9015784586815228,
        "holdout_both": 0.665891472868217,
        "holdout_e": 0.9496124031007752,
        "holdout_f": 0.7162790697674418,
        "pos_dis": 0.48957448850311736,
        "topsim": 0.6080822258541365,
        "mi_matrix": [
          [
            0.5672653906447165,
            0.7985095784765271
          ],
          [
            0.911779342424975,
            0.28305804970166276
          ]
        ],
        "probe_r2_e": 0.9898489713668823,
        "probe_r2_f": 0.9913781881332397,
        "feature_cos_sim": 0.12485034763813019,
        "nan_count": 0,
        "time_sec": 13010.183698177338
      },
      {
        "seed": 7,
        "train_both": 0.9433611884865367,
        "holdout_both": 0.6968992248062016,
        "holdout_e": 0.8922480620155039,
        "holdout_f": 0.8046511627906977,
        "pos_dis": 0.24285022950464252,
        "topsim": 0.6637037061392421,
        "mi_matrix": [
          [
            0.8497297246648307,
            0.43962678049659926
          ],
          [
            0.6808234535572437,
            0.6787313201879903
          ]
        ],
        "probe_r2_e": 0.9884583353996277,
        "probe_r2_f": 0.9903995394706726,
        "feature_cos_sim": 0.12774549424648285,
        "nan_count": 0,
        "time_sec": 14597.373854160309
      },
      {
        "seed": 8,
        "train_both": 0.8997214484679665,
        "holdout_both": 0.7496124031007751,
        "holdout_e": 1.0,
        "holdout_f": 0.7496124031007751,
        "pos_dis": 0.41590085802133897,
        "topsim": 0.6727639305741491,
        "mi_matrix": [
          [
            0.8286515269632013,
            0.5275238016815817
          ],
          [
            0.891448875735658,
            0.4738881316708617
          ]
        ],
        "probe_r2_e": 0.9905548095703125,
        "probe_r2_f": 0.9910941123962402,
        "feature_cos_sim": 0.09783618897199631,
        "nan_count": 0,
        "time_sec": 14286.577776908875
      },
      {
        "seed": 9,
        "train_both": 0.6081708449396471,
        "holdout_both": 0.3372093023255814,
        "holdout_e": 0.9643410852713178,
        "holdout_f": 0.3635658914728682,
        "pos_dis": 0.9929858499537612,
        "topsim": 0.6114803988034846,
        "mi_matrix": [
          [
            0.9646155686427829,
            0.012102775367262779
          ],
          [
            0.9078396221642203,
            0.0013450240108039378
          ]
        ],
        "probe_r2_e": 0.9866508841514587,
        "probe_r2_f": 0.9802696704864502,
        "feature_cos_sim": 0.17630590498447418,
        "nan_count": 8,
        "time_sec": 6488.518477201462
      },
      {
        "seed": 10,
        "train_both": 0.8467966573816156,
        "holdout_both": 0.7635658914728682,
        "holdout_e": 0.9697674418604652,
        "holdout_f": 0.7937984496124031,
        "pos_dis": 0.38439607762663597,
        "topsim": 0.6720048205007021,
        "mi_matrix": [
          [
            0.842857706160192,
            0.2701850533992592
          ],
          [
            0.6194685425487617,
            0.5641187315792775
          ]
        ],
        "probe_r2_e": 0.9886918663978577,
        "probe_r2_f": 0.9864761233329773,