{
  "2x8_train_e": 0.954369682907966,
  "2x8_train_f": 0.9754977029096478,
  "2x8_train_both": 0.9461467038068709,
  "2x8_holdout_e": 0.889922480620155,
  "2x8_holdout_f": 0.8837209302325582,
  "2x8_holdout_both": 0.7736434108527132,
  "1x64_train_e": 0.9211136890951276,
  "1x64_train_f": 0.9509954058192955,
  "1x64_train_both": 0.8941504178272981,
  "1x64_holdout_e": 0.837984496124031,
  "1x64_holdout_f": 0.8240310077519379,
  "1x64_holdout_both": 0.6674418604651163,
  "2x8_posdis": 0.446562243170903,
  "2x8_topsim": 0.6224341207253116,
  "2x8_entropy": [
    0.880879773127042,
    0.8185675085575624
  ],
  "1x64_topsim": 0.45805801673379204,
  "1x64_entropy": [
    0.5342187690496422
  ],
  "mode": "dino_iterated_learning",
  "receiver_reset_interval": 40
}