{
  "config": {
    "encoder": "FactorizedPerceiver (spatial 8q\u00d7256, temporal 4q\u00d764)",
    "spatial_queries": 8,
    "temporal_queries": 4,
    "comm_epochs": 400,
    "n_seeds": 20
  },
  "per_seed": [
    {
      "seed": 0,
      "oracle_both": 0.7808219178082192,
      "train_e": 0.47873163186388246,
      "train_f": 0.6868300153139357,
      "train_both": 0.2757660167130919,
      "holdout_e": 0.465891472868217,
      "holdout_f": 0.7488372093023256,
      "holdout_both": 0.30697674418604654,
      "pos_dis": 0.19719003180408667,
      "topsim": 0.3815430632315579,
      "entropies": [
        0.2643548226170083,
        0.5393569048782233
      ],
      "mi_matrix": [
        [
          0.12201084741280949,
          0.13399806634323644
        ],
        [
          0.31115071333083066,
          0.21627404196439737
        ]
      ],
      "best_mi_e": 0.31115071333083066,
      "best_mi_f": 0.21627404196439737,
      "nan_count": 0,
      "time_sec": 1246.0126559734344
    },
    {
      "seed": 1,
      "oracle_both": 0.8249619482496194,
      "train_e": 0.8878576952822892,
      "train_f": 0.5604900459418071,
      "train_both": 0.5227483751160631,
      "holdout_e": 0.8271317829457364,
      "holdout_f": 0.4255813953488372,
      "holdout_both": 0.324031007751938,
      "pos_dis": 0.9957998573748942,
      "topsim": 0.5757297461046685,
      "entropies": [
        0.4189910559689327,
        0.4251370990108428
      ],
      "mi_matrix": [
        [
          0.6281579261025236,
          0.00032363724982106476
        ],
        [
          0.5719964462369275,
          0.004510231374765937
        ]
      ],
      "best_mi_e": 0.6281579261025236,
      "best_mi_f": 0.004510231374765937,
      "nan_count": 0,
      "time_sec": 1247.571347951889
    },
    {
      "seed": 2,
      "oracle_both": 0.6301369863013698,
      "train_e": 0.7641144624903325,
      "train_f": 0.5122511485451761,
      "train_both": 0.3918291550603528,
      "holdout_e": 0.762015503875969,
      "holdout_f": 0.4906976744186046,
      "holdout_both": 0.4131782945736434,
      "pos_dis": 0.9836476506772658,
      "topsim": 0.4207366266986173,
      "entropies": [
        0.4275646847866614,
        0.6136166996486768
      ],
      "mi_matrix": [
        [
          0.43575165359486073,
          0.0026960337320319928
        ],
        [
          0.5192510931975554,
          0.013769298429737478
        ]
      ],
      "best_mi_e": 0.5192510931975554,
      "best_mi_f": 0.013769298429737478,
      "nan_count": 0,
      "time_sec": 1245.588663816452
    },
    {
      "seed": 3,
      "oracle_both": 0.8143074581430746,
      "train_e": 0.47873163186388246,
      "train_f": 0.7442572741194488,
      "train_both": 0.31940575673166205,
      "holdout_e": 0.465891472868217,
      "holdout_f": 0.8294573643410853,
      "holdout_both": 0.3573643410852713,
      "pos_dis": 0.8030822198525569,
      "topsim": 0.33725093522761895,
      "entropies": [
        0.2662095740436888,
        0.4306213266648781
      ],
      "mi_matrix": [
        [
          0.02705884393679254,
          0.2462143231933232
        ],
        [
          0.061572207209565806,
          0.21685240870523723
        ]
      ],
      "best_mi_e": 0.061572207209565806,
      "best_mi_f": 0.2462143231933232,
      "nan_count": 0,
      "time_sec": 1245.3908739089966
    },
    {
      "seed": 4,
      "oracle_both": 0.6590563165905632,
      "train_e": 0.7277648878576953,
      "train_f": 0.6462480857580398,
      "train_both": 0.500464252553389,
      "holdout_e": 0.689922480620155,
      "holdout_f": 0.5503875968992248,
      "holdout_both": 0.40310077519379844,
      "pos_dis": 0.6593613083462786,
      "topsim": 0.2245555387040333,
      "entropies": [
        0.26531604501981615,
        0.402281215095424
      ],
      "mi_matrix": [
        [
          0.08693551455378588,
          0.03330169684453492
        ],
        [
          0.19037195068864204,
          0.056771833803435555
        ]
      ],
      "best_mi_e": 0.19037195068864204,
      "best_mi_f": 0.056771833803435555,
      "nan_count": 0,
      "time_sec": 1245.8634889125824
    },
    {
      "seed": 5,
      "oracle_both": 0.6423135464231354,
      "train_e": 0.9187935034802784,
      "train_f": 0.8422664624808576,
      "train_both": 0.7883008356545961,
      "holdout_e": 0.8767441860465116,
      "holdout_f": 0.7364341085271318,
      "holdout_both": 0.6248062015503876,
      "pos_dis": 0.6864473916410924,
      "topsim": 0.5580541085187477,
      "entropies": [
        0.6114633977072806,
        0.8212906328282076
      ],
      "mi_matrix": [
        [
          0.2392891340257638,
          0.45685078696742104
        ],
        [
          0.7874145879457172,
          0.08136007797334345
        ]
      ],
      "best_mi_e": 0.7874145879457172,
      "best_mi_f": 0.45685078696742104,
      "nan_count": 1,
      "time_sec": 1244.8696711063385
    },
    {
      "seed": 6,
      "oracle_both": 0.6605783866057838,
      "train_e": 0.8522815158546017,
      "train_f": 0.5849923430321593,
      "train_both": 0.5181058495821727,
      "holdout_e": 0.813953488372093,
      "holdout_f": 0.43953488372093025,
      "holdout_both": 0.3821705426356589,
      "pos_dis": 0.9873002351967912,
      "topsim": 0.5262676922539696,
      "entropies": [
        0.4299997475847752,
        0.4181656600790517
      ],
      "mi_matrix": [
        [
          0.5269902937000128,
          0.010660631700302365
        ],
        [
          0.5336746605767725,
          0.0027592337438539782
        ]
      ],
      "best_mi_e": 0.5336746605767725,
      "best_mi_f": 0.010660631700302365,
      "nan_count": 0,
      "time_sec": 1244.8639788627625
    },
    {
      "seed": 7,
      "oracle_both": 0.771689497716895,
      "train_e": 0.47873163186388246,
      "train_f": 0.5122511485451761,
      "train_both": 0.2107706592386258,
      "holdout_e": 0.465891472868217,
      "holdout_f": 0.4906976744186046,
      "holdout_both": 0.2806201550387597,
      "pos_dis": 0.019510601155089992,
      "topsim": 0.004888015648098166,
      "entropies": [
        0.16810325640095272,
        -0.0
      ],
      "mi_matrix": [
        [
          0.05825659538825618,
          0.060622144347309476
        ],
        [
          0.0,
          0.0
        ]
      ],
      "best_mi_e": 0.05825659538825618,
      "best_mi_f": 0.060622144347309476,
      "nan_count": 0,
      "time_sec": 1245.6044940948486
    },
    {
      "seed": 8,
      "oracle_both": 0.8660578386605784,
      "train_e": 0.47873163186388246,
      "train_f": 0.5122511485451761,
      "train_both": 0.2107706592386258,
      "holdout_e": 0.465891472868217,
      "holdout_f": 0.4906976744186046,
      "holdout_both": 0.2806201550387597,
      "pos_dis": 0.36406154322003215,
      "topsim": 0.15357588334417704,
      "entropies": [
        0.24398236439806156,
        -0.0
      ],
      "mi_matrix": [
        [
          0.04319418882239193,
          0.1588740590615455
        ],
        [
          0.0,
          0.0
        ]
      ],
      "best_mi_e": 0.04319418882239193,
      "best_mi_f": 0.1588740590615455,
      "nan_count": 0,
      "time_sec": 1244.5736570358276
    },
    {
      "seed": 9,
      "oracle_both": 0.786910197869102,
      "train_e": 0.47873163186388246,
      "train_f": 0.8920367534456355,
      "train_both": 0.41318477251624885,
      "holdout_e": 0.465891472868217,
      "holdout_f": 0.8790697674418605,
      "holdout_both": 0.44651162790697674,
      "pos_dis": 0.998176367253355,
      "topsim": 0.5140849463355966,
      "entropies": [
        0.6486975844586085,
        0.4306213266648781
      ],
      "mi_matrix": [
        [
          0.0015100610428094964,
          0.838012137408102
        ],
        [
          0.0010239135428434089,
          0.5548736271743606
        ]
      ],
      "best_mi_e": 0.0015100610428094964,