{
  "2x8_train_e": 0.9535962877030162,
  "2x8_train_f": 0.9586523736600306,
  "2x8_train_both": 0.9210770659238626,
  "2x8_holdout_e": 0.8953488372093024,
  "2x8_holdout_f": 0.9170542635658915,
  "2x8_holdout_both": 0.8124031007751938,
  "1x64_train_e": 0.9064191802010828,
  "1x64_train_f": 0.9563552833078101,
  "1x64_train_both": 0.8820798514391829,
  "1x64_holdout_e": 0.7782945736434108,
  "1x64_holdout_f": 0.8434108527131783,
  "1x64_holdout_both": 0.624031007751938,
  "2x8_posdis": 0.16008556873667318,
  "2x8_topsim": 0.6033643624833414,
  "2x8_entropy": [
    0.8720032112813058,
    0.8876439741194894
  ],
  "1x64_topsim": 0.4779498349424217,
  "1x64_entropy": [
    0.4929207511033725
  ],
  "mode": "dino_iterated_learning",
  "receiver_reset_interval": 20
}