{
  "2x8_train_e": 1.0,
  "2x8_train_f": 0.5796324655436447,
  "2x8_train_both": 0.606313834726091,
  "2x8_holdout_e": 0.9341085271317829,
  "2x8_holdout_f": 0.31937984496124033,
  "2x8_holdout_both": 0.27364341085271315,
  "1x64_train_e": 0.8870843000773395,
  "1x64_train_f": 0.5911179173047473,
  "1x64_train_both": 0.5468895078922934,
  "1x64_holdout_e": 0.8627906976744186,
  "1x64_holdout_f": 0.3682170542635659,
  "1x64_holdout_both": 0.2930232558139535,
  "2x8_posdis": 0.9818740395126431,
  "2x8_topsim": 0.6273504069209483,
  "2x8_entropy": [
    0.5149416791114081,
    0.5165799845617618
  ],
  "1x64_topsim": 0.4479669281080497,
  "1x64_entropy": [
    0.24635869173574854
  ],
  "mode": "pixel"
}