{
  "cpu": {
    "mean_ms": 1.1869543619999872,
    "median_ms": 1.1539369999979954,
    "p95_ms": 1.3466705000006127,
    "p99_ms": 1.4748648299997313,
    "throughput_per_s": 842.4923754566486
  },
  "mps": {
    "mean_ms": 7.8843472419999046,
    "median_ms": 7.136770999995434,
    "p95_ms": 11.125337499997547,
    "p99_ms": 27.421348830000547,
    "throughput_per_s": 126.83358169120224
  },
  "batch_32_mps": {
    "mean_ms": 7.814830420000192,
    "throughput_per_s": 4094.7785531089253
  }
}