{
  "clean_restitution": {
    "original_count": 383,
    "filtered_count": 178,
    "e_range": [
      0.055994198110602016,
      0.9498821943725279
    ],
    "e_mean": 0.6599588491598483,
    "e_std": 0.2458511823633103
  },
  "two_property_clean": {
    "per_seed": [
      {
        "seed": 0,
        "holdout_mass": 0.7807606263982103,
        "holdout_rest": 0.34835210680016687,
        "holdout_both": 0.3561521252796421,
        "nan_count": 1,
        "time_sec": 226.1050329208374,
        "mi_matrix": [
          [
            0.40877524436119683,
            0.24555209293288968
          ],
          [
            0.33499738130023504,
            0.36340860379924966
          ],
          [
            0.6140985507955683,
            0.2755392515939793
          ],
          [
            0.5722809291102099,
            0.3273596196594307
          ]
        ],
        "pos_dis": 0.3641906997067304,
        "topsim": 0.5260261622029224,
        "entropies": [
          0.8141276841870737,
          0.8264019948794906,
          0.8555335574131872,
          0.8067717999470684
        ]
      },
      {
        "seed": 1,
        "holdout_mass": 0.9513715710723192,
        "holdout_rest": 0.6234140715109573,
        "holdout_both": 0.6412918108419838,
        "nan_count": 0,
        "time_sec": 212.62924003601074,
        "mi_matrix": [
          [
            0.7294133193286699,
            0.5041050897971769
          ],
          [
            0.842785569840074,
            0.32973044783819366
          ],
          [
            0.5018206958933022,
            0.46623959835042633
          ],
          [
            0.540817033185799,
            0.4348238260614691
          ]
        ],
        "pos_dis": 0.29613550167350094,
        "topsim": 0.6586959571628288,
        "entropies": [
          0.9427115962511678,
          0.8462852827440634,
          0.8732655259932512,
          0.8262300935706536
        ]
      },
      {
        "seed": 2,
        "holdout_mass": 0.7606732348111659,
        "holdout_rest": 0.7116055846422339,
        "holdout_both": 0.6020942408376964,
        "nan_count": 0,
        "time_sec": 203.26577496528625,
        "mi_matrix": [
          [
            0.6953629912062946,
            0.3578506730952625
          ],
          [
            0.7084505734211384,
            0.3006010320358408
          ],
          [
            0.5850234691977986,
            0.5535560474012486
          ],
          [
            0.547810574903748,
            0.4582270260892863
          ]
        ],
        "pos_dis": 0.3195966231801624,
        "topsim": 0.6254184974861665,
        "entropies": [
          0.9028301217739415,
          0.8810833308980037,
          0.9275756077741896,
          0.8240560180067844
        ]
      },
      {
        "seed": 3,
        "holdout_mass": 0.8686616791354946,
        "holdout_rest": 0.5194363459669582,
        "holdout_both": 0.5058309037900874,
        "nan_count": 2,
        "time_sec": 202.7769968509674,
        "mi_matrix": [
          [
            0.8291122423429339,
            0.23537226619936277
          ],
          [
            0.7259141756846927,
            0.25003082933067494
          ],
          [
            0.33611981998218066,
            0.6150551700455086
          ],
          [
            0.34331471972987876,
            0.6331182682684346
          ]
        ],
        "pos_dis": 0.570733059220516,
        "topsim": 0.5433937749329223,
        "entropies": [
          0.8153786176896708,
          0.9196791653079932,
          0.8644840418441132,
          0.8795919308712813
        ]
      },
      {
        "seed": 4,
        "holdout_mass": 0.8530510585305106,
        "holdout_rest": 0.45251661918328584,
        "holdout_both": 0.4178537511870845,
        "nan_count": 1,
        "time_sec": 202.2496199607849,
        "mi_matrix": [
          [
            0.814075290684439,
            0.307411925781916
          ],
          [
            0.702166862276563,
            0.1764606668042612
          ],
          [
            0.5468384826992494,
            0.4016109767027786
          ],
          [
            0.5933947229540265,
            0.4467053773967718
          ]
        ],
        "pos_dis": 0.4709626305117618,
        "topsim": 0.5888855816556545,
        "entropies": [
          0.9828781992552987,
          0.8676728922154853,
          0.9108909151773505,
          0.9145762579362006
        ]
      },
      {
        "seed": 5,
        "holdout_mass": 0.8249581239530989,
        "holdout_rest": 0.6581875993640699,
        "holdout_both": 0.6645468998410174,
        "nan_count": 1,
        "time_sec": 202.31917595863342,
        "mi_matrix": [
          [
            0.6448399752104822,
            0.4087753346785885
          ],
          [
            0.5372983942280924,
            0.3096769382725064
          ],
          [
            0.748567278835384,
            0.4462722665349941
          ],
          [
            0.6285862450182087,
            0.18760343998718312
          ]
        ],
        "pos_dis": 0.4737754160713542,
        "topsim": 0.5975843088154129,
        "entropies": [
          0.9921230036370436,
          0.787303046116539,
          0.9610021530199682,
          0.8480797346176038
        ]
      },
      {
        "seed": 6,
        "holdout_mass": 0.7277289836888331,
        "holdout_rest": 0.6021062271062271,
        "holdout_both": 0.6437728937728938,
        "nan_count": 1,
        "time_sec": 209.76759815216064,
        "mi_matrix": [
          [
            0.517996486987886,
            0.4930891700039292
          ],
          [
            0.38529857788663285,
            0.4962829300300169
          ],
          [
            0.5158701769775026,
            0.15132416319638206
          ],
          [
            0.350485645886097,
            0.1637922429630865
          ]
        ],
        "pos_dis": 0.3777620213840278,
        "topsim": 0.5883350500767472,
        "entropies": [
          0.8806094997189712,
          0.7595689698340083,
          0.6679306679667228,
          0.5162855642580589
        ]
      },
      {
        "seed": 7,
        "holdout_mass": 0.7099737532808399,
        "holdout_rest": 0.45646437994722955,
        "holdout_both": 0.3817663817663818,
        "nan_count": 1,
        "time_sec": 243.5184609889984,
        "mi_matrix": [
          [
            0.49419693332919473,
            0.3682395868318335
          ],
          [
            0.6052338741408869,
            0.4033449789469919
          ],
          [
            0.44369342323962274,
            0.10271952662313688
          ],
          [
            0.4786912761151457,
            0.13080488045282648
          ]
        ],
        "pos_dis": 0.5209197862320797,
        "topsim": 0.47913992444021375,
        "entropies": [
          0.8059268962594102,
          0.9603113648835221,
          0.7840894766590961,
          0.8531591873646784
        ]
      },
      {
        "seed": 8,
        "holdout_mass": 0.8377138089278264,
        "holdout_rest": 0.7207488299531981,
        "holdout_both": 0.625585023400936,
        "nan_count": 0,
        "time_sec": 225.4216959476471,
        "mi_matrix": [
          [
            0.48260421400773285,
            0.5431319117836336
          ],
          [
            0.5036087851254765,
            0.6312552784797915
          ],
          [
            0.7071303692033718,
            0.2113504993916164
          ],
          [
            0.7836724495989426,
            0.21157022481769042
          ]
        ],
        "pos_dis": 0.4361987534559204,
        "topsim": 0.6629301830520998,
        "entropies": [
          0.9414182774346189,
          0.9499674418118944,
          0.8336919657079085,
          0.8517049005212738
        ]
      },
      {
        "seed": 9,
        "holdout_mass": 0.7350638648537289,