{
  "config": {
    "encoder": "TemporalEncoder Conv1D",
    "input_dim": 1024,
    "dataset": "collision_dynamics",
    "n_scenes": 600,
    "n_frames": 24,
    "comm_epochs": 400,
    "n_seeds": 20,
    "vocab": "2x5",
    "IL_interval": 40
  },
  "per_seed": [
    {
      "seed": 0,
      "oracle_both": 0.9858044164037855,
      "train_e": 0.9415384615384615,
      "train_f": 0.9678899082568807,
      "train_both": 0.9169776119402985,
      "holdout_e": 0.8409619860356866,
      "holdout_f": 0.8557020946470132,
      "holdout_both": 0.6966640806826998,
      "pos_dis": 0.2738062841434374,
      "topsim": 0.6516842366625863,
      "entropies": [
        0.9667754918327411,
        0.9736744705906495
      ],
      "mi_matrix": [
        [
          0.638140808202802,
          0.5368289869711464
        ],
        [
          0.5145913965853698,
          0.8420073389588338
        ]
      ],
      "best_mi_e": 0.638140808202802,
      "best_mi_f": 0.8420073389588338,
      "nan_count": 0,
      "time_sec": 207.87372016906738
    },
    {
      "seed": 1,
      "oracle_both": 0.9858044164037855,
      "train_e": 0.9684615384615385,
      "train_f": 0.9709480122324159,
      "train_both": 0.9486940298507462,
      "holdout_e": 0.8906128782001551,
      "holdout_f": 0.9014740108611327,
      "holdout_both": 0.7920868890612878,
      "pos_dis": 0.24334765709230838,
      "topsim": 0.654495591252011,
      "entropies": [
        0.9882111519510358,
        0.9764896387901617
      ],
      "mi_matrix": [
        [
          0.44039102895108334,
          0.8399430496863696
        ],
        [
          0.6406748574683881,
          0.6336236567101533
        ]
      ],
      "best_mi_e": 0.6406748574683881,
      "best_mi_f": 0.8399430496863696,
      "nan_count": 0,
      "time_sec": 208.4128179550171
    },
    {
      "seed": 2,
      "oracle_both": 0.9810725552050473,
      "train_e": 0.9776923076923076,
      "train_f": 0.9388379204892966,
      "train_both": 0.9365671641791045,
      "holdout_e": 0.8650116369278511,
      "holdout_f": 0.8595810705973623,
      "holdout_both": 0.7245927075252133,
      "pos_dis": 0.29503564386569237,
      "topsim": 0.6896451799617019,
      "entropies": [
        0.9753050530340344,
        0.8986663077152363
      ],
      "mi_matrix": [
        [
          0.7933203354244794,
          0.5471218901650935
        ],
        [
          0.48337471094605966,
          0.671103991912277
        ]
      ],
      "best_mi_e": 0.7933203354244794,
      "best_mi_f": 0.671103991912277,
      "nan_count": 0,
      "time_sec": 213.8786518573761
    },
    {
      "seed": 3,
      "oracle_both": 0.9889589905362776,
      "train_e": 0.9553846153846154,
      "train_f": 0.9870030581039755,
      "train_both": 0.9533582089552238,
      "holdout_e": 0.8463925523661753,
      "holdout_f": 0.9045771916214119,
      "holdout_both": 0.7509697439875873,
      "pos_dis": 0.5898419101268835,
      "topsim": 0.6192401630362048,
      "entropies": [
        0.9881955838413871,
        0.9909373665774975
      ],
      "mi_matrix": [
        [
          0.8789848432373059,
          0.37854243504479357
        ],
        [
          0.38762372499319686,
          0.9947805590420185
        ]
      ],
      "best_mi_e": 0.8789848432373059,
      "best_mi_f": 0.9947805590420185,
      "nan_count": 0,
      "time_sec": 212.25208401679993
    },
    {
      "seed": 4,
      "oracle_both": 0.9873817034700315,
      "train_e": 0.9546153846153846,
      "train_f": 0.9938837920489296,
      "train_both": 0.9552238805970149,
      "holdout_e": 0.8293250581846393,
      "holdout_f": 0.9061287820015516,
      "holdout_both": 0.7354538401861909,
      "pos_dis": 0.6652205425316762,
      "topsim": 0.6527732356828906,
      "entropies": [
        0.9791327438269791,
        0.9169638227099246
      ],
      "mi_matrix": [
        [
          0.8642659320789322,
          0.4913730292376219
        ],
        [
          0.11316685239455483,
          1.1202961269647382
        ]
      ],
      "best_mi_e": 0.8642659320789322,
      "best_mi_f": 1.1202961269647382,
      "nan_count": 1,
      "time_sec": 211.08156895637512
    },
    {
      "seed": 5,
      "oracle_both": 0.9810725552050473,
      "train_e": 0.9815384615384616,
      "train_f": 0.9862385321100917,
      "train_both": 0.9738805970149254,
      "holdout_e": 0.86966640806827,
      "holdout_f": 0.8619084561675717,
      "holdout_both": 0.7315748642358417,
      "pos_dis": 0.8883097833327647,
      "topsim": 0.5901907845039923,
      "entropies": [
        0.9759625872657047,
        0.9814371872681221
      ],
      "mi_matrix": [
        [
          1.0897122096019265,
          0.16835995992502556
        ],
        [
          0.0860818940835539,
          1.2497196781999278
        ]
      ],
      "best_mi_e": 1.0897122096019265,
      "best_mi_f": 1.2497196781999278,
      "nan_count": 1,
      "time_sec": 210.78953385353088
    },
    {
      "seed": 6,
      "oracle_both": 0.9905362776025236,
      "train_e": 0.9723076923076923,
      "train_f": 0.97782874617737,
      "train_both": 0.9458955223880597,
      "holdout_e": 0.8269976726144298,
      "holdout_f": 0.9061287820015516,
      "holdout_both": 0.7331264546159814,
      "pos_dis": 0.5792595282853941,
      "topsim": 0.6312934267111248,
      "entropies": [
        0.9838970229173419,
        0.9814655266882828
      ],
      "mi_matrix": [
        [
          0.3153644947529754,
          1.0567438596800094
        ],
        [
          0.8043809525938709,
          0.4368195118993631
        ]
      ],
      "best_mi_e": 0.8043809525938709,
      "best_mi_f": 1.0567438596800094,
      "nan_count": 0,
      "time_sec": 211.50532698631287
    },
    {
      "seed": 7,
      "oracle_both": 0.9952681388012619,
      "train_e": 0.9761538461538461,
      "train_f": 0.9503058103975535,
      "train_both": 0.9402985074626866,
      "holdout_e": 0.9231962761830876,
      "holdout_f": 0.878200155159038,
      "holdout_both": 0.8013964313421257,
      "pos_dis": 0.2588562314491053,
      "topsim": 0.7165870223231802,
      "entropies": [
        0.9441244679764363,
        0.9962293928459524
      ],
      "mi_matrix": [
        [
          0.5662291459392713,
          0.7380136852694974
        ],
        [
          0.7862964745052401,
          0.5622441241710197
        ]
      ],
      "best_mi_e": 0.7862964745052401,
      "best_mi_f": 0.7380136852694974,
      "nan_count": 0,
      "time_sec": 211.3178551197052
    },
    {
      "seed": 8,
      "oracle_both": 0.9921135646687698,
      "train_e": 0.9538461538461539,
      "train_f": 0.9740061162079511,
      "train_both": 0.9356343283582089,
      "holdout_e": 0.8813033359193173,
      "holdout_f": 0.9053529868114818,
      "holdout_both": 0.7866563227307991,
      "pos_dis": 0.3220692972273301,
      "topsim": 0.6742301879819219,
      "entropies": [
        0.9843240344608235,
        0.9787560833872616
      ],
      "mi_matrix": [
        [
          0.7240792481329383,
          0.5511784537306519
        ],
        [
          0.4888759043425375,
          0.8221258235441605
        ]
      ],
      "best_mi_e": 0.7240792481329383,
      "best_mi_f": 0.8221258235441605,
      "nan_count": 0,
      "time_sec": 212.02993416786194
    },
    {
      "seed": 9,
      "oracle_both": 0.9936908517350158,
      "train_e": 0.9453846153846154,
      "train_f": 0.9602446483180428,
      "train_both": 0.9197761194029851,
      "holdout_e": 0.8006206361520558,
      "holdout_f": 0.9053529868114818,
      "holdout_both": 0.7059736229635376,
      "pos_dis": 0.33789052509303186,
      "topsim": 0.6514075150531802,
      "entropies": [
        0.9398019238863532,
        0.9946966429867024
      ],