{
  "config": {
    "vocab_size": 5,
    "n_heads": 2,
    "control_vocab": 25,
    "n_receivers": 3,
    "receiver_reset_interval": 40,
    "reset_mode": "simultaneous",
    "comm_epochs": 200
  },
  "seeds": [
    0,
    1,
    2,
    3,
    4,
    5,
    6,
    7,
    8,
    9,
    10,
    11,
    12,
    13,
    14,
    15,
    16,
    17,
    18,
    19
  ],
  "per_seed": [
    {
      "seed": 0,
      "oracle_both": 0.9467275494672754,
      "train_e": 0.9505027068832174,
      "train_f": 0.9280245022970903,
      "train_both": 0.8950789229340761,
      "holdout_e": 0.9294573643410853,
      "holdout_f": 0.9666666666666667,
      "holdout_both": 0.896124031007752,
      "pos_dis": 0.8141422434824799,
      "topsim": 0.5793825020110117,
      "entropies": [
        0.889240371462343,
        0.9386792611316581
      ],
      "mi_matrix": [
        [
          0.9879375317749585,
          0.07093757824389452
        ],
        [
          0.28683811429153266,
          0.9564082162155578
        ]
      ],
      "best_mi_e": 0.9879375317749585,
      "best_mi_f": 0.9564082162155578,
      "nan_count": 0,
      "time_sec": 54.352431774139404
    },
    {
      "seed": 1,
      "oracle_both": 0.989345509893455,
      "train_e": 0.9489559164733179,
      "train_f": 0.9494640122511485,
      "train_both": 0.9136490250696379,
      "holdout_e": 0.8775193798449612,
      "holdout_f": 0.9186046511627907,
      "holdout_both": 0.796124031007752,
      "pos_dis": 0.18185358548328262,
      "topsim": 0.6749912722881751,
      "entropies": [
        0.9416360958915663,
        0.9678365278780617
      ],
      "mi_matrix": [
        [
          0.6818524726557859,
          0.5537561449406118
        ],
        [
          0.5735377706333582,
          0.6959075496962381
        ]
      ],
      "best_mi_e": 0.6818524726557859,
      "best_mi_f": 0.6959075496962381,
      "nan_count": 0,
      "time_sec": 53.506625175476074
    },
    {
      "seed": 2,
      "oracle_both": 0.9817351598173516,
      "train_e": 0.9551430781129157,
      "train_f": 0.9578866768759571,
      "train_both": 0.9275766016713092,
      "holdout_e": 0.9085271317829458,
      "holdout_f": 0.9294573643410853,
      "holdout_both": 0.8387596899224806,
      "pos_dis": 0.30762520499905166,
      "topsim": 0.6703925594772072,
      "entropies": [
        0.9100685095468338,
        0.99303008333035
      ],
      "mi_matrix": [
        [
          0.41924708430378854,
          0.8592052910007281
        ],
        [
          0.7329606868223227,
          0.6573206668118151
        ]
      ],
      "best_mi_e": 0.7329606868223227,
      "best_mi_f": 0.8592052910007281,
      "nan_count": 0,
      "time_sec": 53.274086713790894
    },
    {
      "seed": 3,
      "oracle_both": 0.9710806697108066,
      "train_e": 0.9497293116782676,
      "train_f": 0.9509954058192955,
      "train_both": 0.9182915506035283,
      "holdout_e": 0.8953488372093024,
      "holdout_f": 0.8534883720930233,
      "holdout_both": 0.7488372093023256,
      "pos_dis": 0.18780699226986236,
      "topsim": 0.651799079562273,
      "entropies": [
        0.9367101890688619,
        0.9835767754077814
      ],
      "mi_matrix": [
        [
          0.6493583974937687,
          0.6177864929546294
        ],
        [
          0.5460759125214744,
          0.811398079596078
        ]
      ],
      "best_mi_e": 0.6493583974937687,
      "best_mi_f": 0.811398079596078,
      "nan_count": 0,
      "time_sec": 53.83751916885376
    },
    {
      "seed": 4,
      "oracle_both": 0.989345509893455,
      "train_e": 0.9659706109822119,
      "train_f": 0.945635528330781,
      "train_both": 0.9285051067780873,
      "holdout_e": 0.9,
      "holdout_f": 0.9503875968992248,
      "holdout_both": 0.8503875968992248,
      "pos_dis": 0.43530827346008605,
      "topsim": 0.6163395254765677,
      "entropies": [
        0.922161561139815,
        0.9268495473738847
      ],
      "mi_matrix": [
        [
          0.43138075763420747,
          0.7384982558066175
        ],
        [
          0.6979926462771707,
          0.38058122629974334
        ]
      ],
      "best_mi_e": 0.6979926462771707,
      "best_mi_f": 0.7384982558066175,
      "nan_count": 0,
      "time_sec": 53.38303780555725
    },
    {
      "seed": 5,
      "oracle_both": 0.9954337899543378,
      "train_e": 0.9319412219644239,
      "train_f": 0.9540581929555896,
      "train_both": 0.9108635097493036,
      "holdout_e": 0.924031007751938,
      "holdout_f": 0.8790697674418605,
      "holdout_both": 0.8178294573643411,
      "pos_dis": 0.3519421976057968,
      "topsim": 0.6692035460556891,
      "entropies": [
        0.9886986424457558,
        0.8285864398061188
      ],
      "mi_matrix": [
        [
          0.7851688476780343,
          0.6047769022270293
        ],
        [
          0.3834647499078562,
          0.7292078073709047
        ]
      ],
      "best_mi_e": 0.7851688476780343,
      "best_mi_f": 0.7292078073709047,
      "nan_count": 1,
      "time_sec": 53.26279020309448
    },
    {
      "seed": 6,
      "oracle_both": 0.9604261796042618,
      "train_e": 0.9675174013921114,
      "train_f": 0.9578866768759571,
      "train_both": 0.9285051067780873,
      "holdout_e": 0.8844961240310077,
      "holdout_f": 0.9224806201550387,
      "holdout_both": 0.8085271317829458,
      "pos_dis": 0.5078631240818491,
      "topsim": 0.6807173661042687,
      "entropies": [
        0.9873254715467182,
        0.968562271615772
      ],
      "mi_matrix": [
        [
          0.907031455695634,
          0.40782832379585976
        ],
        [
          0.46907114547953355,
          0.8773522962787921
        ]
      ],
      "best_mi_e": 0.907031455695634,
      "best_mi_f": 0.8773522962787921,
      "nan_count": 0,
      "time_sec": 53.447428703308105
    },
    {
      "seed": 7,
      "oracle_both": 0.8919330289193302,
      "train_e": 0.9466357308584686,
      "train_f": 0.9525267993874426,
      "train_both": 0.9155060352831941,
      "holdout_e": 0.7565891472868217,
      "holdout_f": 0.8821705426356589,
      "holdout_both": 0.6387596899224807,
      "pos_dis": 0.238552281916179,
      "topsim": 0.6281441409411254,
      "entropies": [
        0.9692107110344615,
        0.964575808527495
      ],
      "mi_matrix": [
        [
          0.6582045483018726,
          0.6623542249288208
        ],
        [
          0.43685768392045826,
          0.8255674836972038
        ]
      ],
      "best_mi_e": 0.6582045483018726,
      "best_mi_f": 0.8255674836972038,
      "nan_count": 0,
      "time_sec": 52.698150873184204
    },
    {
      "seed": 8,
      "oracle_both": 0.9710806697108066,
      "train_e": 0.9474091260634184,
      "train_f": 0.9218989280245024,
      "train_both": 0.8857938718662952,
      "holdout_e": 0.8821705426356589,
      "holdout_f": 0.9279069767441861,
      "holdout_both": 0.810077519379845,
      "pos_dis": 0.14217149516266034,
      "topsim": 0.6467544534057994,
      "entropies": [
        0.9894030145708147,
        0.9380853725584566
      ],
      "mi_matrix": [
        [
          0.7543013185090284,
          0.6744905157846935
        ],
        [
          0.5353835633720551,
          0.6517427108165456
        ]
      ],
      "best_mi_e": 0.7543013185090284,
      "best_mi_f": 0.6744905157846935,
      "nan_count": 0,
      "time_sec": 54.14919376373291
    },
    {
      "seed": 9,
      "oracle_both": 0.9619482496194824,
      "train_e": 0.9566898685228151,
      "train_f": 0.94104134762634,
      "train_both": 0.9127205199628597,
      "holdout_e": 0.8844961240310077,
      "holdout_f": 0.8387596899224806,
      "holdout_both": 0.7232558139534884,
      "pos_dis": 0.05744311080264687,
      "topsim": 0.6705164723668839,
      "entropies": [
        0.9226773624133238,
        0.9491223832132433
      ],