{
  "discrete": {
    "holdout_mean": 0.8982097186700768,
    "holdout_std": 0.026561552194306334,
    "holdout_seeds": [
      0.8913043478260869,
      0.887468030690537,
      0.9143222506393862,
      0.870843989769821,
      0.8593350383631714,
      0.8964194373401535,
      0.921994884910486,
      0.8797953964194374,
      0.9309462915601023,
      0.8644501278772379,
      0.8976982097186701,
      0.8797953964194374,
      0.9296675191815856,
      0.9028132992327366,
      0.9130434782608695,
      0.9066496163682864,
      0.9641943734015346,
      0.9002557544757033,
      0.850383631713555,
      0.9028132992327366
    ],
    "outcome_mean": 0.8933333337306977,
    "outcome_std": 0.03878358954075035,
    "outcome_seeds": [
      0.8916666507720947,
      0.9416666626930237,
      0.8999999761581421,
      0.8999999761581421,
      0.7666666507720947,
      0.925000011920929,
      0.8999999761581421,
      0.8833333253860474,
      0.9333333373069763,
      0.9083333611488342,
      0.8999999761581421,
      0.8666666746139526,
      0.9166666865348816,
      0.875,
      0.8583333492279053,
      0.925000011920929,
      0.9416666626930237,
      0.9083333611488342,
      0.875,
      0.8500000238418579
    ],
    "ablation": [
      {
        "block": 0,
        "mass_drop_mean": 0.051406649616368316,
        "mass_drop_std": 0.06343226610508386,
        "rest_drop_mean": 0.0017902813299232711,
        "rest_drop_std": 0.008733182137577447
      },
      {
        "block": 1,
        "mass_drop_mean": 0.07723785166240409,
        "mass_drop_std": 0.0705001489011738,
        "rest_drop_mean": 0.037084398976982104,
        "rest_drop_std": 0.053077526824891794
      },
      {
        "block": 2,
        "mass_drop_mean": 0.027877237851662386,
        "mass_drop_std": 0.023487675649961858,
        "rest_drop_mean": 0.02455242966751916,
        "rest_drop_std": 0.024227928046629214
      },
      {
        "block": 3,
        "mass_drop_mean": 0.010741687979539649,
        "mass_drop_std": 0.006500391318229613,
        "rest_drop_mean": 0.10051150895140663,
        "rest_drop_std": 0.12099268244160011
      }
    ]
  },
  "continuous": {
    "holdout_mean": 0.8241048593350383,
    "holdout_std": 0.1989859706942189,
    "holdout_seeds": [
      0.9309462915601023,
      0.8746803069053708,
      0.8849104859335039,
      0.5140664961636828,
      0.9769820971867008,
      0.8900255754475703,
      0.9398976982097187,
      0.8964194373401535,
      0.9616368286445013,
      0.9309462915601023,
      0.4744245524296675,
      0.887468030690537,
      0.9450127877237852,
      0.4641943734015345,
      0.2966751918158568,
      0.8849104859335039,
      0.8938618925831202,
      0.9603580562659847,
      0.9335038363171355,
      0.9411764705882353
    ],
    "outcome_mean": 0.8620833367109298,
    "outcome_std": 0.10322827348329258,
    "outcome_seeds": [
      0.8666666746139526,
      0.875,
      0.9416666626930237,
      0.7250000238418579,
      0.9416666626930237,
      0.8999999761581421,
      0.925000011920929,
      0.8999999761581421,
      0.925000011920929,
      0.8916666507720947,
      0.7250000238418579,
      0.8999999761581421,
      0.9166666865348816,
      0.7250000238418579,
      0.5249999761581421,
      0.875,
      0.9166666865348816,
      0.9166666865348816,
      0.9333333373069763,
      0.9166666865348816
    ],
    "ablation": [
      {
        "block": 0,
        "mass_drop_mean": -0.0007672634271099765,
        "mass_drop_std": 0.010656095476214662,
        "rest_drop_mean": -0.011253196930946308,
        "rest_drop_std": 0.006639772371226174
      },
      {
        "block": 1,
        "mass_drop_mean": 0.13350383631713553,
        "mass_drop_std": 0.23379736329273032,
        "rest_drop_mean": 0.08491048593350381,
        "rest_drop_std": 0.16742563913750733
      },
      {
        "block": 2,
        "mass_drop_mean": -0.002557544757033248,
        "mass_drop_std": 0.015807199120575377,
        "rest_drop_mean": 0.08516624040920714,
        "rest_drop_std": 0.1909590411767579
      },
      {
        "block": 3,
        "mass_drop_mean": 0.2677749360613811,
        "mass_drop_std": 0.22832816533981762,
        "rest_drop_mean": 0.26086956521739135,
        "rest_drop_std": 0.22833446770675722
      }
    ]
  },
  "tests": {
    "holdout": {
      "t": 1.6090366621105077,
      "p": 0.11588598040259271,
      "d": 0.5220404279581302
    },
    "outcome": {
      "t": 1.235252237487661,
      "p": 0.22431960108267704,
      "d": 0.40076874684040514
    }
  }
}