{
  "config": {
    "backbone": "V-JEPA 2 ViT-L (spatial mean \u2192 8\u00d71024)",
    "feature_dim": 1024,
    "temporal_frames": 8,
    "encoder": "Conv1D(1024\u2192256\u2192128) + pool \u2014 SAME as Phase 54f",
    "vocab_size": 5,
    "n_heads": 2,
    "n_receivers": 3,
    "receiver_reset_interval": 40,
    "reset_mode": "simultaneous",
    "comm_epochs": 400,
    "oracle_epochs": 100,
    "sender_lr": 0.001,
    "receiver_lr": 0.003,
    "tau_start": 3.0,
    "tau_end": 1.0
  },
  "seeds": [
    0,
    1,
    2,
    3,
    4,
    5,
    6,
    7,
    8,
    9,
    10,
    11,
    12,
    13,
    14,
    15,
    16,
    17,
    18,
    19
  ],
  "per_seed": [
    {
      "seed": 0,
      "oracle_both": 0.91324200913242,
      "train_e": 0.9682907965970611,
      "train_f": 0.947166921898928,
      "train_both": 0.9294336118848654,
      "holdout_e": 0.8558139534883721,
      "holdout_f": 0.9162790697674419,
      "holdout_both": 0.772093023255814,
      "pos_dis": 0.5527647135445619,
      "topsim": 0.6280932950102383,
      "entropies": [
        0.9595327329555265,
        0.9662562188584198
      ],
      "mi_matrix": [
        [
          0.4966561407884086,
          0.8437454194392447
        ],
        [
          1.0313455854195432,
          0.3154245444429648
        ]
      ],
      "best_mi_e": 1.0313455854195432,
      "best_mi_f": 0.8437454194392447,
      "nan_count": 0,
      "time_sec": 100.11980628967285
    },
    {
      "seed": 1,
      "oracle_both": 0.9208523592085236,
      "train_e": 0.9582366589327146,
      "train_f": 0.9601837672281777,
      "train_both": 0.9368616527390901,
      "holdout_e": 0.8550387596899225,
      "holdout_f": 0.813953488372093,
      "holdout_both": 0.6689922480620155,
      "pos_dis": 0.2407304863134302,
      "topsim": 0.6621429908775674,
      "entropies": [
        0.9854914158602741,
        0.9804847126722971
      ],
      "mi_matrix": [
        [
          0.874679052585436,
          0.4751279553538568
        ],
        [
          0.7265075232617219,
          0.7085892357320756
        ]
      ],
      "best_mi_e": 0.874679052585436,
      "best_mi_f": 0.7085892357320756,
      "nan_count": 0,
      "time_sec": 98.04346013069153
    },
    {
      "seed": 2,
      "oracle_both": 0.9162861491628614,
      "train_e": 0.9597834493426141,
      "train_f": 0.9464012251148545,
      "train_both": 0.9275766016713092,
      "holdout_e": 0.9,
      "holdout_f": 0.8054263565891473,
      "holdout_both": 0.7054263565891473,
      "pos_dis": 0.30573558818239027,
      "topsim": 0.6271489060390162,
      "entropies": [
        0.9666520256210119,
        0.9579738769989361
      ],
      "mi_matrix": [
        [
          0.7653910667225683,
          0.5286178759086908
        ],
        [
          0.5297203785402804,
          0.7590442521464846
        ]
      ],
      "best_mi_e": 0.7653910667225683,
      "best_mi_f": 0.7590442521464846,
      "nan_count": 0,
      "time_sec": 99.63055086135864
    },
    {
      "seed": 3,
      "oracle_both": 0.9345509893455098,
      "train_e": 0.9443155452436195,
      "train_f": 0.944104134762634,
      "train_both": 0.9071494893221913,
      "holdout_e": 0.9186046511627907,
      "holdout_f": 0.851937984496124,
      "holdout_both": 0.7705426356589147,
      "pos_dis": 0.2834834585614529,
      "topsim": 0.6880844242101396,
      "entropies": [
        0.9937697770453893,
        0.9247409036003843
      ],
      "mi_matrix": [
        [
          0.5990702237033279,
          0.7840019205486566
        ],
        [
          0.7793949818194043,
          0.5213488161150205
        ]
      ],
      "best_mi_e": 0.7793949818194043,
      "best_mi_f": 0.7840019205486566,
      "nan_count": 0,
      "time_sec": 99.29690504074097
    },
    {
      "seed": 4,
      "oracle_both": 0.9162861491628614,
      "train_e": 0.9474091260634184,
      "train_f": 0.94104134762634,
      "train_both": 0.904363974001857,
      "holdout_e": 0.8449612403100775,
      "holdout_f": 0.7868217054263565,
      "holdout_both": 0.6317829457364341,
      "pos_dis": 0.061052004748058816,
      "topsim": 0.5950017544055307,
      "entropies": [
        0.9859039856701184,
        0.8366200436152121
      ],
      "mi_matrix": [
        [
          0.6375320595120558,
          0.5698660863059652
        ],
        [
          0.5135208933832119,
          0.5053216880840798
        ]
      ],
      "best_mi_e": 0.6375320595120558,
      "best_mi_f": 0.5698660863059652,
      "nan_count": 0,
      "time_sec": 101.23112511634827
    },
    {
      "seed": 5,
      "oracle_both": 0.8995433789954338,
      "train_e": 0.9489559164733179,
      "train_f": 0.9402756508422665,
      "train_both": 0.9025069637883009,
      "holdout_e": 0.8767441860465116,
      "holdout_f": 0.8550387596899225,
      "holdout_both": 0.7317829457364341,
      "pos_dis": 0.16941134514326553,
      "topsim": 0.6849342319827283,
      "entropies": [
        0.9491228935108996,
        0.918177851373288
      ],
      "mi_matrix": [
        [
          0.6196258309326523,
          0.749632310571478
        ],
        [
          0.6190610395997195,
          0.516671009076607
        ]
      ],
      "best_mi_e": 0.6196258309326523,
      "best_mi_f": 0.749632310571478,
      "nan_count": 1,
      "time_sec": 102.5374391078949
    },
    {
      "seed": 6,
      "oracle_both": 0.9041095890410958,
      "train_e": 0.5993812838360402,
      "train_f": 1.0,
      "train_both": 0.6109563602599815,
      "holdout_e": 0.13565891472868216,
      "holdout_f": 0.9968992248062015,
      "holdout_both": 0.13565891472868216,
      "pos_dis": 0.9972969026076256,
      "topsim": 0.5855223942429294,
      "entropies": [
        0.827694856564906,
        0.6674366691619983
      ],
      "mi_matrix": [
        [
          0.00036147115295575856,
          1.2982170517963403
        ],
        [
          0.005421294971977418,
          1.0572446643550937
        ]
      ],
      "best_mi_e": 0.005421294971977418,
      "best_mi_f": 1.2982170517963403,
      "nan_count": 0,
      "time_sec": 102.66099786758423
    },
    {
      "seed": 7,
      "oracle_both": 0.7823439878234398,
      "train_e": 0.9651972157772621,
      "train_f": 0.9663093415007658,
      "train_both": 0.9452181987000928,
      "holdout_e": 0.8852713178294573,
      "holdout_f": 0.7968992248062016,
      "holdout_both": 0.6821705426356589,
      "pos_dis": 0.13845909864623282,
      "topsim": 0.6763124600328886,
      "entropies": [
        0.9717320443039368,
        0.9829686729878852
      ],
      "mi_matrix": [
        [
          0.7861034684470385,
          0.6051754790426038
        ],
        [
          0.7057201152094071,
          0.6727204919998081
        ]
      ],
      "best_mi_e": 0.7861034684470385,
      "best_mi_f": 0.6727204919998081,
      "nan_count": 0,
      "time_sec": 106.27903294563293
    },
    {
      "seed": 8,
      "oracle_both": 0.9406392694063926,
      "train_e": 0.9582366589327146,
      "train_f": 0.9349157733537519,
      "train_both": 0.9080779944289693,
      "holdout_e": 0.913953488372093,
      "holdout_f": 0.727906976744186,
      "holdout_both": 0.641860465116279,
      "pos_dis": 0.1134367600873005,
      "topsim": 0.6774217411905706,
      "entropies": [
        0.8683725138564503,
        0.9210844575003662
      ],
      "mi_matrix": [
        [
          0.5894331278793208,
          0.6630032633160058
        ],
        [
          0.6542335910274495,
          0.5784023222524953
        ]
      ],
      "best_mi_e": 0.6542335910274495,
      "best_mi_f": 0.6630032633160058,
      "nan_count": 0,
      "time_sec": 105.50499200820923
    },
    {
      "seed": 9,
      "oracle_both": 0.9497716894977168,
      "train_e": 0.9474091260634184,
      "train_f": 0.9333843797856048,
      "train_both": 0.9006499535747446,
      "holdout_e": 0.8286821705426357,
      "holdout_f": 0.9410852713178295,