{
  "het_n=2_K=3": {
    "avg_mi_matrix": [
      [
        0.6365857655813099,
        0.12733026990035473
      ],
      [
        0.6503298156606796,
        0.15400909818747624
      ],
      [
        0.32368626728477407,
        0.07532755653120707
      ],
      [
        0.3649374178952542,
        0.0821161498385271
      ]
    ],
    "avg_entropies": [
      0.8909076327417873,
      0.9380976604462768,
      0.6842306987995561,
      0.7634058890039088
    ],
    "n_seeds": 10
  },
  "het_n=2_K=5": {
    "avg_mi_matrix": [
      [
        0.700258138331371,
        0.1627562499363719
      ],
      [
        0.6642445441670524,
        0.16198869197985902
      ],
      [
        0.37223309043546776,
        0.09003408242297835
      ],
      [
        0.4008693325895531,
        0.09194985261786211
      ]
    ],
    "avg_entropies": [
      0.737384125091756,
      0.690244263231674,
      0.529918274655383,
      0.5588266962124608
    ],
    "n_seeds": 10
  },
  "het_n=2_K=8": {
    "avg_mi_matrix": [
      [
        0.6369016715579751,
        0.17846171468401167
      ],
      [
        0.6343519210193062,
        0.14380284007951455
      ],
      [
        0.37350993538239197,
        0.10093873757270588
      ],
      [
        0.39579062682421695,
        0.125238091706027
      ]
    ],
    "avg_entropies": [
      0.5131615625139597,
      0.5429596651427941,
      0.4655469266603622,
      0.5237745440968655
    ],
    "n_seeds": 10
  },
  "het_n=2_K=16": {
    "avg_mi_matrix": [
      [
        0.7577439082487872,
        0.19580947856957986
      ],
      [
        0.7145683974802435,
        0.15715260591689997
      ],
      [
        0.4711145807030884,
        0.1294957615096109
      ],
      [
        0.46309728106301395,
        0.1262457215873291
      ]
    ],
    "avg_entropies": [
      0.48871470008018225,
      0.4525537808997437,
      0.4027706402435566,
      0.4212572897339312
    ],
    "n_seeds": 10
  },
  "het_n=2_K=32": {
    "avg_mi_matrix": [
      [
        0.5406604272380247,
        0.128366934851057
      ],
      [
        0.5216423442712657,
        0.1381803197847173
      ],
      [
        0.33553122033500654,
        0.0938154979795207
      ],
      [
        0.3560280143373197,
        0.12039039215420602
      ]
    ],
    "avg_entropies": [
      0.29909151332288786,
      0.28536355795006163,
      0.24801050133561348,
      0.258581398456901
    ],
    "n_seeds": 10
  },
  "het_n=4_K=3": {
    "avg_mi_matrix": [
      [
        0.5562404364307619,
        0.11025162277585462
      ],
      [
        0.5405520628757652,
        0.1377616861645451
      ],
      [
        0.2585093504666233,
        0.05595863608259464
      ],
      [
        0.25360915810875134,
        0.05492127645227403
      ],
      [
        0.5247725190977565,
        0.12009533086438096
      ],
      [
        0.5295122782245062,
        0.09809848183323852
      ],
      [
        0.24464105633476546,
        0.09205320339838736
      ],
      [
        0.20924428521557545,
        0.061245394107554786
      ]
    ],
    "avg_entropies": [
      0.8562132583097263,
      0.8074986069595506,
      0.5599276997536434,
      0.5074095829838833,
      0.7566120262094773,
      0.820874284590172,
      0.6988615135256306,
      0.5517089381329139
    ],
    "n_seeds": 10
  },
  "het_n=4_K=5": {
    "avg_mi_matrix": [
      [
        0.5157531627940574,
        0.11314279436700907
      ],
      [
        0.5171030454013328,
        0.13373854914333758
      ],
      [
        0.2604556744696808,
        0.0750707069743081
      ],
      [
        0.2569989358746689,
        0.06292337118300434
      ],
      [
        0.5772439512423293,
        0.1668104051992675
      ],
      [
        0.5500158196725466,
        0.15496387620711094
      ],
      [
        0.264715829480746,
        0.07177910898125575
      ],
      [
        0.23413260539499378,
        0.08255342684316914
      ]
    ],
    "avg_entropies": [
      0.6172197954305936,
      0.600513653669138,
      0.4155696560668309,
      0.42756975070376013,
      0.620425140110872,
      0.5861542184385551,
      0.4383662780923667,
      0.44262275863780587
    ],
    "n_seeds": 10
  },
  "het_n=4_K=8": {
    "avg_mi_matrix": [
      [
        0.4826939437031029,
        0.11558167488507612
      ],
      [
        0.49216668420929555,
        0.12420229226419195
      ],
      [
        0.2683329252591939,
        0.08519472722742684
      ],
      [
        0.31612288724576015,
        0.09205254096156629
      ],
      [
        0.5332994944111957,
        0.12952916549953386
      ],
      [
        0.5498380340670149,
        0.1661976849487224
      ],
      [
        0.2622503621579618,
        0.07510821014145527
      ],
      [
        0.273405241736275,
        0.0709293407301338
      ]
    ],
    "avg_entropies": [
      0.46398451632739296,
      0.44958516601740905,
      0.3367747046464006,
      0.41195434586594637,
      0.482688752642193,
      0.5094783227520339,
      0.3474608299358908,
      0.3722539122547353
    ],
    "n_seeds": 10
  },
  "het_n=4_K=16": {
    "avg_mi_matrix": [
      [
        0.4551656272606254,
        0.11197242774818261
      ],
      [
        0.48979564476016524,
        0.12631630802117128
      ],
      [
        0.20222339694861807,
        0.06611590078093332
      ],
      [
        0.19529539959430176,
        0.0739302825517347
      ],
      [
        0.5209559244671434,
        0.15947291485628423
      ],
      [
        0.5005601460440623,
        0.12818723630353288
      ],
      [
        0.2590499774715368,
        0.08457488486896847
      ],
      [
        0.23809360513362213,
        0.0680067897031186
      ]
    ],
    "avg_entropies": [
      0.320919678682131,
      0.32012147428600524,
      0.25466646154619205,
      0.2284580490812959,
      0.36074731035052554,
      0.33230723060292,
      0.26655515933145607,
      0.22837384190008225
    ],
    "n_seeds": 10
  },
  "het_n=4_K=32": {
    "avg_mi_matrix": [
      [
        0.34135535770125663,
        0.1043426565373918
      ],
      [
        0.31083028382807365,
        0.1005869871465637
      ],
      [
        0.20895380105992686,
        0.062127327461851276
      ],
      [
        0.20753648765038807,
        0.050579560258888503
      ],
      [
        0.3343263295086823,
        0.06823917416353029
      ],
      [
        0.4009102573312607,
        0.10856562019119734
      ],
      [
        0.23424413000548308,
        0.07156706743704512
      ],
      [
        0.2136462852089863,
        0.06706891119566892
      ]
    ],
    "avg_entropies": [
      0.22025980230391093,
      0.22687820643213516,
      0.1719530074098146,
      0.1593575672552659,
      0.19763175186254067,
      0.20899968831454774,
      0.19690716762913285,
      0.1705964679253661
    ],
    "n_seeds": 10
  },
  "homo_vv_n=2_K=3": {
    "avg_mi_matrix": [
      [
        0.5180944152781317,
        0.13408356760021595
      ],
      [
        0.47476251778567713,
        0.08855159029306311
      ],
      [
        0.5950848473260104,
        0.14884831071492396
      ],
      [
        0.570355176994061,
        0.10577922299740412
      ]
    ],
    "avg_entropies": [
      0.7778572205002211,
      0.7286220642359632,
      0.8418230867438498,
      0.8151727418190416
    ],
    "n_seeds": 10
  },
  "homo_vv_n=2_K=5": {
    "avg_mi_matrix": [
      [
        0.5849126123287532,
        0.10636326879744866
      ],
      [
        0.6061480391512886,
        0.14603432584205983
      ],
      [
        0.6437123018174935,
        0.18049805552754128
      ],
      [
        0.6327466153341945,
        0.15846984924354
      ]
    ],
    "avg_entropies": [
      0.5985229535953431,
      0.6509956069829196,
      0.7251558740619561,
      0.6669352517688151
    ],
    "n_seeds": 10
  },