{
  "config": {
    "vocab_size": 5,
    "n_heads": 2,
    "control_vocab": 25,
    "n_receivers": 3,
    "receiver_reset_interval": 40,
    "reset_mode": "simultaneous",
    "comm_epochs": 400
  },
  "seeds": [
    0,
    1,
    2,
    3,
    4,
    5,
    6,
    7,
    8,
    9,
    10,
    11,
    12,
    13,
    14,
    15,
    16,
    17,
    18,
    19
  ],
  "per_seed": [
    {
      "seed": 0,
      "oracle_both": 0.9467275494672754,
      "train_e": 0.9605568445475638,
      "train_f": 0.9816232771822359,
      "train_both": 0.9554317548746518,
      "holdout_e": 0.9147286821705426,
      "holdout_f": 0.9573643410852714,
      "holdout_both": 0.872093023255814,
      "pos_dis": 0.8387947475040309,
      "topsim": 0.5978325807000244,
      "entropies": [
        0.965463255119258,
        0.9844646914730221
      ],
      "mi_matrix": [
        [
          1.0799378059849125,
          0.2433346604302606
        ],
        [
          0.1281957307967097,
          1.3204122204408462
        ]
      ],
      "best_mi_e": 1.0799378059849125,
      "best_mi_f": 1.3204122204408462,
      "nan_count": 0,
      "time_sec": 101.98123788833618
    },
    {
      "seed": 1,
      "oracle_both": 0.989345509893455,
      "train_e": 0.9582366589327146,
      "train_f": 0.9770290964777948,
      "train_both": 0.9507892293407614,
      "holdout_e": 0.8294573643410853,
      "holdout_f": 0.8891472868217054,
      "holdout_both": 0.7186046511627907,
      "pos_dis": 0.1802611393342035,
      "topsim": 0.7042838086439512,
      "entropies": [
        0.9690375575305507,
        0.9882829367857461
      ],
      "mi_matrix": [
        [
          0.6842222169217527,
          0.6727513363250727
        ],
        [
          0.5420996302648436,
          0.8260659345296956
        ]
      ],
      "best_mi_e": 0.6842222169217527,
      "best_mi_f": 0.8260659345296956,
      "nan_count": 0,
      "time_sec": 100.91053318977356
    },
    {
      "seed": 2,
      "oracle_both": 0.9817351598173516,
      "train_e": 0.9837587006960556,
      "train_f": 0.9402756508422665,
      "train_both": 0.9433611884865367,
      "holdout_e": 0.9124031007751938,
      "holdout_f": 0.8821705426356589,
      "holdout_both": 0.7945736434108527,
      "pos_dis": 0.4611045035448429,
      "topsim": 0.653379075569222,
      "entropies": [
        0.9135465114507856,
        0.9694931532271722
      ],
      "mi_matrix": [
        [
          0.43199252626649787,
          0.7791691566388349
        ],
        [
          0.9216835628958528,
          0.48237586161715695
        ]
      ],
      "best_mi_e": 0.9216835628958528,
      "best_mi_f": 0.7791691566388349,
      "nan_count": 0,
      "time_sec": 101.4774169921875
    },
    {
      "seed": 3,
      "oracle_both": 0.9710806697108066,
      "train_e": 0.9497293116782676,
      "train_f": 0.9869831546707504,
      "train_both": 0.947075208913649,
      "holdout_e": 0.6759689922480621,
      "holdout_f": 0.9403100775193799,
      "holdout_both": 0.6162790697674418,
      "pos_dis": 0.46873713903265957,
      "topsim": 0.6446385445717392,
      "entropies": [
        0.9349227814108834,
        0.9808140943019452
      ],
      "mi_matrix": [
        [
          0.6950277516518155,
          0.5466582185891801
        ],
        [
          0.3009801725635176,
          1.0905136386520073
        ]
      ],
      "best_mi_e": 0.6950277516518155,
      "best_mi_f": 1.0905136386520073,
      "nan_count": 0,
      "time_sec": 101.38425922393799
    },
    {
      "seed": 4,
      "oracle_both": 0.989345509893455,
      "train_e": 0.9698375870069605,
      "train_f": 0.9854517611026034,
      "train_both": 0.9702878365831012,
      "holdout_e": 0.8604651162790697,
      "holdout_f": 0.9069767441860465,
      "holdout_both": 0.7790697674418605,
      "pos_dis": 0.6321335080843579,
      "topsim": 0.5773542585570102,
      "entropies": [
        0.8970439831843476,
        0.9865024055865262
      ],
      "mi_matrix": [
        [
          0.271656957754203,
          0.8606890544950523
        ],
        [
          0.8522302723151117,
          0.35802678594252985
        ]
      ],
      "best_mi_e": 0.8522302723151117,
      "best_mi_f": 0.8606890544950523,
      "nan_count": 0,
      "time_sec": 101.77356624603271
    },
    {
      "seed": 5,
      "oracle_both": 0.9954337899543378,
      "train_e": 0.9574632637277649,
      "train_f": 0.9732006125574273,
      "train_both": 0.9452181987000928,
      "holdout_e": 0.775968992248062,
      "holdout_f": 0.9472868217054263,
      "holdout_both": 0.7232558139534884,
      "pos_dis": 0.4356014273510047,
      "topsim": 0.6931207252913674,
      "entropies": [
        0.8679653962357026,
        0.9993003953760965
      ],
      "mi_matrix": [
        [
          0.6799682360190421,
          0.48695329561401907
        ],
        [
          0.4295335415042443,
          1.0409000231255874
        ]
      ],
      "best_mi_e": 0.6799682360190421,
      "best_mi_f": 1.0409000231255874,
      "nan_count": 1,
      "time_sec": 101.45293879508972
    },
    {
      "seed": 6,
      "oracle_both": 0.9604261796042618,
      "train_e": 0.9853054911059551,
      "train_f": 0.9509954058192955,
      "train_both": 0.9535747446610956,
      "holdout_e": 0.92015503875969,
      "holdout_f": 0.9875968992248062,
      "holdout_both": 0.9077519379844962,
      "pos_dis": 0.6115225248586285,
      "topsim": 0.6512863810829157,
      "entropies": [
        0.9776745879121963,
        0.9681275279754785
      ],
      "mi_matrix": [
        [
          1.0789824425558256,
          0.3174777474024185
        ],
        [
          0.4363446710445562,
          0.9039350372397417
        ]
      ],
      "best_mi_e": 1.0789824425558256,
      "best_mi_f": 0.9039350372397417,
      "nan_count": 0,
      "time_sec": 101.35649919509888
    },
    {
      "seed": 7,
      "oracle_both": 0.8919330289193302,
      "train_e": 0.9520494972931168,
      "train_f": 0.9831546707503829,
      "train_both": 0.9442896935933147,
      "holdout_e": 0.851937984496124,
      "holdout_f": 0.9232558139534883,
      "holdout_both": 0.7751937984496124,
      "pos_dis": 0.4386423983037723,
      "topsim": 0.6535405846123358,
      "entropies": [
        0.9586873143410585,
        0.9815003911990529
      ],
      "mi_matrix": [
        [
          0.8134179613770917,
          0.5581387402358167
        ],
        [
          0.3775049049594864,
          0.8647452102279938
        ]
      ],
      "best_mi_e": 0.8134179613770917,
      "best_mi_f": 0.8647452102279938,
      "nan_count": 0,
      "time_sec": 102.45950603485107
    },
    {
      "seed": 8,
      "oracle_both": 0.9710806697108066,
      "train_e": 0.9505027068832174,
      "train_f": 0.9938744257274119,
      "train_both": 0.9517177344475395,
      "holdout_e": 0.9007751937984496,
      "holdout_f": 0.8992248062015504,
      "holdout_both": 0.8,
      "pos_dis": 0.4926084766405469,
      "topsim": 0.6591737107174568,
      "entropies": [
        0.9833346507660228,
        0.9745673609686867
      ],
      "mi_matrix": [
        [
          0.8197736749330089,
          0.5326662858525437
        ],
        [
          0.3536907206131297,
          0.9689873360025115
        ]
      ],
      "best_mi_e": 0.8197736749330089,
      "best_mi_f": 0.9689873360025115,
      "nan_count": 0,
      "time_sec": 103.07189416885376
    },
    {
      "seed": 9,
      "oracle_both": 0.9619482496194824,
      "train_e": 0.9605568445475638,
      "train_f": 0.9816232771822359,
      "train_both": 0.957288765088208,
      "holdout_e": 0.8418604651162791,
      "holdout_f": 0.862015503875969,
      "holdout_both": 0.703875968992248,
      "pos_dis": 0.2078351716539911,
      "topsim": 0.6952608417643605,
      "entropies": [
        0.9559561147601067,
        0.9699622698906027
      ],