{
  "drop_0": {
    "acc_mean": 0.7732379487274189,
    "acc_std": 0.10369121369730801
  },
  "drop_1": {
    "acc_mean": 0.7113789128292252,
    "acc_std": 0.09539591660152338
  },
  "drop_2": {
    "acc_mean": 0.6495198769310317,
    "acc_std": 0.08710061950573872
  },
  "drop_3": {
    "acc_mean": 0.5876608410328382,
    "acc_std": 0.0788053224099541
  },
  "drop_4": {
    "acc_mean": 0.5258018051346447,
    "acc_std": 0.07051002531416943
  }
}