{
  "2": {
    "K": 2,
    "bits": 4.0,
    "acc_mean": 0.7636387577026233,
    "acc_std": 0.06266687523548153
  },
  "3": {
    "K": 3,
    "bits": 6.339850002884624,
    "acc_mean": 0.8037305985694315,
    "acc_std": 0.05088665100136892
  },
  "4": {
    "K": 4,
    "bits": 8.0,
    "acc_mean": 0.8137269954447948,
    "acc_std": 0.05558803932686839
  },
  "5": {
    "K": 5,
    "bits": 9.287712379549449,
    "acc_mean": 0.8183359595340829,
    "acc_std": 0.039194765261611676
  },
  "8": {
    "K": 8,
    "bits": 12.0,
    "acc_mean": 0.7747272433968949,
    "acc_std": 0.10943565117923819
  }
}