{
  "0.0": {
    "accuracy": 0.8466011707484722,
    "detection_rate": 0
  },
  "0.1": {
    "accuracy": 0.855927124619484,
    "detection_rate": 0.0
  },
  "0.2": {
    "accuracy": 0.8599833749234677,
    "detection_rate": 0.0
  },
  "0.3": {
    "accuracy": 0.8291595797240734,
    "detection_rate": 0.0
  },
  "0.5": {
    "accuracy": 0.808580674380064,
    "detection_rate": 0.0
  },
  "0.7": {
    "accuracy": 0.7897062142193317,
    "detection_rate": 0.0
  },
  "1.0": {
    "accuracy": 0.7514010770618915,
    "detection_rate": 0.0
  }
}