{
  "config": {
    "encoder": "TemporalEncoder Conv1D",
    "input_dim": 1024,
    "dataset": "ramp",
    "n_scenes": 300,
    "n_frames": 16,
    "comm_epochs": 400,
    "n_seeds": 20,
    "vocab": "2x5",
    "IL_interval": 40
  },
  "per_seed": [
    {
      "seed": 0,
      "oracle_both": 0.9817351598173516,
      "train_e": 0.9605568445475638,
      "train_f": 0.9509954058192955,
      "train_both": 0.9257195914577531,
      "holdout_e": 0.8682170542635659,
      "holdout_f": 0.7558139534883721,
      "holdout_both": 0.624031007751938,
      "pos_dis": 0.22266797468627494,
      "topsim": 0.6333910094055263,
      "entropies": [
        0.9883874836454851,
        0.9911441254689181
      ],
      "mi_matrix": [
        [
          0.6796888707563229,
          0.6940924296271277
        ],
        [
          0.811840176256464,
          0.4671455787927944
        ]
      ],
      "best_mi_e": 0.811840176256464,
      "best_mi_f": 0.6940924296271277,
      "nan_count": 0,
      "time_sec": 118.00504088401794
    },
    {
      "seed": 1,
      "oracle_both": 0.9452054794520548,
      "train_e": 0.9667440061871616,
      "train_f": 0.9448698315467075,
      "train_both": 0.9396471680594243,
      "holdout_e": 0.9217054263565891,
      "holdout_f": 0.8674418604651163,
      "holdout_both": 0.7891472868217054,
      "pos_dis": 0.3942876151248802,
      "topsim": 0.6593820471589332,
      "entropies": [
        0.9202166657863765,
        0.9806447600404369
      ],
      "mi_matrix": [
        [
          0.47576353799593996,
          0.68925299647662
        ],
        [
          0.8952467760561635,
          0.466571385603508
        ]
      ],
      "best_mi_e": 0.8952467760561635,
      "best_mi_f": 0.68925299647662,
      "nan_count": 0,
      "time_sec": 117.64779281616211
    },
    {
      "seed": 2,
      "oracle_both": 0.9634703196347032,
      "train_e": 0.9435421500386698,
      "train_f": 0.9525267993874426,
      "train_both": 0.9071494893221913,
      "holdout_e": 0.9007751937984496,
      "holdout_f": 0.9170542635658915,
      "holdout_both": 0.8178294573643411,
      "pos_dis": 0.15299298698695538,
      "topsim": 0.6416814213051235,
      "entropies": [
        0.9432832579687132,
        0.929531488997711
      ],
      "mi_matrix": [
        [
          0.7802481163319364,
          0.5694837450494762
        ],
        [
          0.630180241737848,
          0.6075812424179277
        ]
      ],
      "best_mi_e": 0.7802481163319364,
      "best_mi_f": 0.6075812424179277,
      "nan_count": 0,
      "time_sec": 116.8486750125885
    },
    {
      "seed": 3,
      "oracle_both": 0.9726027397260274,
      "train_e": 0.9644238205723125,
      "train_f": 0.9448698315467075,
      "train_both": 0.9238625812441968,
      "holdout_e": 0.9263565891472868,
      "holdout_f": 0.7767441860465116,
      "holdout_both": 0.7031007751937984,
      "pos_dis": 0.5340472180044469,
      "topsim": 0.6328522035937986,
      "entropies": [
        0.920341410606253,
        0.9346100537882768
      ],
      "mi_matrix": [
        [
          0.4471221097462402,
          0.9041249995078869
        ],
        [
          0.828798895020275,
          0.36249164144908674
        ]
      ],
      "best_mi_e": 0.828798895020275,
      "best_mi_f": 0.9041249995078869,
      "nan_count": 0,
      "time_sec": 116.91653108596802
    },
    {
      "seed": 4,
      "oracle_both": 0.9467275494672754,
      "train_e": 0.9590100541376644,
      "train_f": 0.9165390505359877,
      "train_both": 0.8922934076137419,
      "holdout_e": 0.8434108527131783,
      "holdout_f": 0.8945736434108527,
      "holdout_both": 0.737984496124031,
      "pos_dis": 0.4408190970559224,
      "topsim": 0.6449810180929902,
      "entropies": [
        0.959497802617716,
        0.9395814798195496
      ],
      "mi_matrix": [
        [
          0.5941974772470516,
          0.7807790956682654
        ],
        [
          0.9019626597357375,
          0.322298603613166
        ]
      ],
      "best_mi_e": 0.9019626597357375,
      "best_mi_f": 0.7807790956682654,
      "nan_count": 0,
      "time_sec": 116.91388297080994
    },
    {
      "seed": 5,
      "oracle_both": 0.954337899543379,
      "train_e": 0.9659706109822119,
      "train_f": 0.9280245022970903,
      "train_both": 0.8987929433611885,
      "holdout_e": 0.9472868217054263,
      "holdout_f": 0.7883720930232558,
      "holdout_both": 0.7558139534883721,
      "pos_dis": 0.6335941835782544,
      "topsim": 0.560352067822484,
      "entropies": [
        0.9296443737571406,
        0.9758158958677654
      ],
      "mi_matrix": [
        [
          0.3641585511302613,
          0.8021020585552558
        ],
        [
          0.9400365833237246,
          0.2620881930790767
        ]
      ],
      "best_mi_e": 0.9400365833237246,
      "best_mi_f": 0.8021020585552558,
      "nan_count": 1,
      "time_sec": 116.19004273414612
    },
    {
      "seed": 6,
      "oracle_both": 0.954337899543379,
      "train_e": 0.9659706109822119,
      "train_f": 0.942572741194487,
      "train_both": 0.9182915506035283,
      "holdout_e": 0.9651162790697675,
      "holdout_f": 0.9310077519379845,
      "holdout_both": 0.896124031007752,
      "pos_dis": 0.5738852502672342,
      "topsim": 0.6640539575838679,
      "entropies": [
        0.9826191535143316,
        0.9522635015168494
      ],
      "mi_matrix": [
        [
          0.5157896997056126,
          0.8612655287122618
        ],
        [
          1.0150408779867024,
          0.25716599125674594
        ]
      ],
      "best_mi_e": 1.0150408779867024,
      "best_mi_f": 0.8612655287122618,
      "nan_count": 0,
      "time_sec": 117.08083415031433
    },
    {
      "seed": 7,
      "oracle_both": 0.9467275494672754,
      "train_e": 0.9574632637277649,
      "train_f": 0.9379785604900459,
      "train_both": 0.9108635097493036,
      "holdout_e": 0.9162790697674419,
      "holdout_f": 0.8976744186046511,
      "holdout_both": 0.8193798449612403,
      "pos_dis": 0.22019867120015735,
      "topsim": 0.6723418838688482,
      "entropies": [
        0.9586169604191319,
        0.9603524082222671
      ],
      "mi_matrix": [
        [
          0.8614144849014548,
          0.5793720579853469
        ],
        [
          0.5731164450906137,
          0.6461141303390776
        ]
      ],
      "best_mi_e": 0.8614144849014548,
      "best_mi_f": 0.6461141303390776,
      "nan_count": 0,
      "time_sec": 116.42604398727417
    },
    {
      "seed": 8,
      "oracle_both": 0.9375951293759512,
      "train_e": 0.9404485692188709,
      "train_f": 0.9280245022970903,
      "train_both": 0.8885793871866295,
      "holdout_e": 0.8705426356589148,
      "holdout_f": 0.7767441860465116,
      "holdout_both": 0.6472868217054264,
      "pos_dis": 0.29887151344956625,
      "topsim": 0.632907230766914,
      "entropies": [
        0.9589584659988721,
        0.9048757756342982
      ],
      "mi_matrix": [
        [
          0.6432271811289267,
          0.6990132690030747
        ],
        [
          0.8173534650192319,
          0.3940165838403825
        ]
      ],
      "best_mi_e": 0.8173534650192319,
      "best_mi_f": 0.6990132690030747,
      "nan_count": 0,
      "time_sec": 113.97386598587036
    },
    {
      "seed": 9,
      "oracle_both": 0.939117199391172,
      "train_e": 0.9520494972931168,
      "train_f": 0.9609494640122511,
      "train_both": 0.9322191272051996,
      "holdout_e": 0.8263565891472868,
      "holdout_f": 0.8844961240310077,
      "holdout_both": 0.7131782945736435,
      "pos_dis": 0.20238657460547985,
      "topsim": 0.6570548447469402,
      "entropies": [
        0.9390165983899793,
        0.8474026449464601
      ],
      "mi_matrix": [
        [
          0.7111918479172601,
          0.6023087746879652
        ],
        [
          0.6063882646633388,
          0.45377628051592106
        ]
      ],