{
  "config": {
    "n_receivers": 3,
    "receiver_reset_interval": 40,
    "comm_epochs": 200
  },
  "seeds": [
    42,
    123,
    456,
    789,
    1337
  ],
  "per_seed": [
    {
      "seed": 42,
      "oracle_both": 0.9497716894977168,
      "train_e": 0.9667440061871616,
      "train_f": 0.9663093415007658,
      "train_both": 0.947075208913649,
      "holdout_e": 0.9418604651162791,
      "holdout_f": 0.9403100775193799,
      "holdout_both": 0.8821705426356589,
      "pos_dis": 0.22751261478662882,
      "topsim": 0.6324430307252368,
      "entropies": [
        0.8690773496806237,
        0.9131029571536756
      ],
      "mi_matrix": [
        [
          0.8093606085757942,
          0.7151245908803672
        ],
        [
          0.9827715935938935,
          0.650012445513309
        ]
      ],
      "best_mi_e": 0.9827715935938935,
      "best_mi_f": 0.7151245908803672,
      "nan_count": 0,
      "time_sec": 55.56161689758301
    },
    {
      "seed": 123,
      "oracle_both": 0.9558599695585996,
      "train_e": 0.97138437741686,
      "train_f": 0.9379785604900459,
      "train_both": 0.9220055710306406,
      "holdout_e": 0.875968992248062,
      "holdout_f": 0.9162790697674419,
      "holdout_both": 0.7922480620155039,
      "pos_dis": 0.2210701625436806,
      "topsim": 0.608747596033409,
      "entropies": [
        0.8693287604045654,
        0.8610211338162481
      ],
      "mi_matrix": [
        [
          0.7285917279104421,
          0.831850767983802
        ],
        [
          0.6335243362572393,
          0.928933078364641
        ]
      ],
      "best_mi_e": 0.7285917279104421,
      "best_mi_f": 0.928933078364641,
      "nan_count": 0,
      "time_sec": 54.23134899139404
    },
    {
      "seed": 456,
      "oracle_both": 0.9756468797564688,
      "train_e": 0.9489559164733179,
      "train_f": 0.9448698315467075,
      "train_both": 0.9080779944289693,
      "holdout_e": 0.8806201550387597,
      "holdout_f": 0.8751937984496124,
      "holdout_both": 0.7558139534883721,
      "pos_dis": 0.15516163064945065,
      "topsim": 0.6581034460245537,
      "entropies": [
        0.8830245338245937,
        0.838635430635019
      ],
      "mi_matrix": [
        [
          0.7863855830599413,
          0.8207251383288959
        ],
        [
          0.9093613925337051,
          0.6652135405191535
        ]
      ],
      "best_mi_e": 0.9093613925337051,
      "best_mi_f": 0.8207251383288959,
      "nan_count": 0,
      "time_sec": 54.35346484184265
    },
    {
      "seed": 789,
      "oracle_both": 0.9771689497716894,
      "train_e": 0.9729311678267595,
      "train_f": 0.9624808575803981,
      "train_both": 0.9442896935933147,
      "holdout_e": 0.8953488372093024,
      "holdout_f": 0.9333333333333333,
      "holdout_both": 0.834108527131783,
      "pos_dis": 0.6658460931724375,
      "topsim": 0.6086612676533905,
      "entropies": [
        0.8705615608563949,
        0.8019846241506545
      ],
      "mi_matrix": [
        [
          1.1582804903753043,
          0.39284246291326724
        ],
        [
          0.34271056524346477,
          1.0412057974798594
        ]
      ],
      "best_mi_e": 1.1582804903753043,
      "best_mi_f": 1.0412057974798594,
      "nan_count": 0,
      "time_sec": 54.403311014175415
    },
    {
      "seed": 1337,
      "oracle_both": 0.9680365296803652,
      "train_e": 0.954369682907966,
      "train_f": 0.9663093415007658,
      "train_both": 0.9322191272051996,
      "holdout_e": 0.9,
      "holdout_f": 0.8666666666666667,
      "holdout_both": 0.7666666666666667,
      "pos_dis": 0.09289975872568287,
      "topsim": 0.5496165976156088,
      "entropies": [
        0.9212192328036074,
        0.8851515020956983
      ],
      "mi_matrix": [
        [
          0.7341447382335339,
          0.8750594625374203
        ],
        [
          0.7935683910283973,
          0.7739156208651187
        ]
      ],
      "best_mi_e": 0.7935683910283973,
      "best_mi_f": 0.8750594625374203,
      "nan_count": 1,
      "time_sec": 54.31248211860657
    }
  ],
  "summary": {
    "holdout_both_mean": 0.8062015503875969,
    "holdout_both_std": 0.04657618259162727,
    "pos_dis_mean": 0.2724980519755761,
    "pos_dis_std": 0.2026892111543209,
    "topsim_mean": 0.6115143876104397,
    "topsim_std": 0.035932381779961386,
    "best_mi_e_mean": 0.9145147190883485,
    "best_mi_e_std": 0.15053417011608639,
    "best_mi_f_mean": 0.8762096135182368,
    "best_mi_f_std": 0.10865701893560845
  }
}