{
  "2x8_train_e": 0.925754060324826,
  "2x8_train_f": 0.9693721286370597,
  "2x8_train_both": 0.9015784586815228,
  "2x8_holdout_e": 0.8333333333333334,
  "2x8_holdout_f": 0.8844961240310077,
  "2x8_holdout_both": 0.7178294573643411,
  "1x64_train_e": 0.9118329466357309,
  "1x64_train_f": 0.9433384379785605,
  "1x64_train_both": 0.8709377901578459,
  "1x64_holdout_e": 0.7844961240310078,
  "1x64_holdout_f": 0.8232558139534883,
  "1x64_holdout_both": 0.6077519379844961,
  "2x8_posdis": 0.22004803453442232,
  "2x8_topsim": 0.6690003703236667,
  "2x8_entropy": [
    0.8022452502157981,
    0.8092685816614772
  ],
  "1x64_topsim": 0.4706373257342536,
  "1x64_entropy": [
    0.5035456730449939
  ],
  "mode": "dino_iterated_learning",
  "receiver_reset_interval": 20
}