{
  "config": {
    "vocab_size": 5,
    "n_heads": 2,
    "control_vocab": 25,
    "n_receivers": 3,
    "receiver_reset_interval": 40,
    "reset_mode": "simultaneous",
    "comm_epochs": 200
  },
  "seeds": [
    42,
    123,
    456,
    789,
    1337
  ],
  "per_seed": [
    {
      "seed": 42,
      "oracle_both": 0.9497716894977168,
      "train_e": 0.9574632637277649,
      "train_f": 0.9310872894333844,
      "train_both": 0.9080779944289693,
      "holdout_e": 0.7968992248062016,
      "holdout_f": 0.8806201550387597,
      "holdout_both": 0.6821705426356589,
      "pos_dis": 0.07215358288804309,
      "topsim": 0.6756267222300762,
      "entropies": [
        0.9682696118391575,
        0.9713280555718491
      ],
      "mi_matrix": [
        [
          0.6437694019537405,
          0.703885938366301
        ],
        [
          0.6403771468179535,
          0.6804563821356037
        ]
      ],
      "best_mi_e": 0.6437694019537405,
      "best_mi_f": 0.703885938366301,
      "nan_count": 0,
      "time_sec": 55.40278124809265
    },
    {
      "seed": 123,
      "oracle_both": 0.9558599695585996,
      "train_e": 0.9048723897911833,
      "train_f": 0.9563552833078101,
      "train_both": 0.8737233054781801,
      "holdout_e": 0.8713178294573644,
      "holdout_f": 0.837984496124031,
      "holdout_both": 0.7093023255813954,
      "pos_dis": 0.17723133411610456,
      "topsim": 0.6496338567253257,
      "entropies": [
        0.9194270909474412,
        0.958012864232945
      ],
      "mi_matrix": [
        [
          0.6317233701864857,
          0.645895895942549
        ],
        [
          0.49123296241797665,
          0.7359518449023514
        ]
      ],
      "best_mi_e": 0.6317233701864857,
      "best_mi_f": 0.7359518449023514,
      "nan_count": 0,
      "time_sec": 54.28253793716431
    },
    {
      "seed": 456,
      "oracle_both": 0.9756468797564688,
      "train_e": 0.9497293116782676,
      "train_f": 0.9793261868300153,
      "train_both": 0.9396471680594243,
      "holdout_e": 0.8310077519379845,
      "holdout_f": 0.9015503875968992,
      "holdout_both": 0.7325581395348837,
      "pos_dis": 0.5073073220721475,
      "topsim": 0.6871026121003528,
      "entropies": [
        0.9936306280084626,
        0.9842138714033157
      ],
      "mi_matrix": [
        [
          0.35049605454000826,
          1.0453070414788712
        ],
        [
          0.8697869943837166,
          0.5654319572207359
        ]
      ],
      "best_mi_e": 0.8697869943837166,
      "best_mi_f": 1.0453070414788712,
      "nan_count": 0,
      "time_sec": 54.0426139831543
    },
    {
      "seed": 789,
      "oracle_both": 0.9771689497716894,
      "train_e": 0.945862335653519,
      "train_f": 0.9356814701378254,
      "train_both": 0.8922934076137419,
      "holdout_e": 0.8922480620155039,
      "holdout_f": 0.9325581395348838,
      "holdout_both": 0.8255813953488372,
      "pos_dis": 0.5382307200249878,
      "topsim": 0.6378751594698394,
      "entropies": [
        0.9590738498320786,
        0.9567031536127663
      ],
      "mi_matrix": [
        [
          0.40986257923680597,
          0.879612129406241
        ],
        [
          0.8430783186474168,
          0.38577598972636107
        ]
      ],
      "best_mi_e": 0.8430783186474168,
      "best_mi_f": 0.879612129406241,
      "nan_count": 0,
      "time_sec": 53.8763267993927
    },
    {
      "seed": 1337,
      "oracle_both": 0.9680365296803652,
      "train_e": 0.9590100541376644,
      "train_f": 0.9617151607963247,
      "train_both": 0.9442896935933147,
      "holdout_e": 0.9341085271317829,
      "holdout_f": 0.8434108527131783,
      "holdout_both": 0.7775193798449612,
      "pos_dis": 0.18008972566499662,
      "topsim": 0.6757844778937269,
      "entropies": [
        0.9800814076155159,
        0.9965547418364338
      ],
      "mi_matrix": [
        [
          0.5599308900451283,
          0.8552023175029833
        ],
        [
          0.6741288810872182,
          0.6640746181524014
        ]
      ],
      "best_mi_e": 0.6741288810872182,
      "best_mi_f": 0.8552023175029833,
      "nan_count": 0,
      "time_sec": 54.59824013710022
    }
  ],
  "summary": {
    "holdout_both_mean": 0.7454263565891474,
    "holdout_both_std": 0.05084609523963193,
    "pos_dis_mean": 0.29500253695325596,
    "pos_dis_std": 0.19024717478511713,
    "topsim_mean": 0.6652045656838642,
    "topsim_std": 0.018381641644769003,
    "best_mi_e_mean": 0.7324973932517156,
    "best_mi_e_std": 0.10248074845274666,
    "best_mi_f_mean": 0.8439918543313496,
    "best_mi_f_std": 0.1210161926214822
  }
}