{
  "alignment": {
    "best_alpha": 1000.0,
    "pca_dim": 100,
    "pca_variance_retained": 0.9895079731941223,
    "r2_cv": 0.06811769008636474,
    "r2_fwd": 0.48638245463371277,
    "r2_rev": -0.0026681304443627596,
    "cka": 0.5638707280158997,
    "knn_overlap_10": 0.44077669902912614,
    "procrustes_distance": 0.7820867896080017,
    "per_dim_r2_mean": 0.4863824527710676,
    "per_dim_r2_median": 0.5055018067359924,
    "dims_r2_above_0.5": 198,
    "dims_r2_above_0.3": 329,
    "total_dims": 384
  },
  "task_transfer": {
    "native_vjepa_auc": "0.857 \u00b1 0.141",
    "native_dino_auc": "0.747 \u00b1 0.252",
    "transferred_auc": "0.739 \u00b1 0.262",
    "transfer_drop_pct": 13.6871424062681,
    "within_15pct": "True",
    "n_seeds": 10
  },
  "compositional_transfer": {
    "native_posdis": 0.7186015876419787,
    "transferred_posdis": 0.7005337890996508,
    "token_agreement": 0.6614077669902912,
    "native_entropies": [
      0.8901918639491632,
      0.6337478128684826,
      0.7985352769928785,
      0.8336435663489515
    ],
    "transferred_entropies": [
      0.6689280810351741,
      0.5327442367963924,
      0.8513450130884676,
      0.7409613899244029
    ],
    "native_mi": [
      [
        0.7869740612804234,
        0.35510921063439504
      ],
      [
        0.544568827764856,
        0.054867608584156284
      ],
      [
        0.8568903948967233,
        0.25164782635710947
      ],
      [
        0.7947029135457147,
        0.22246127109186312
      ]
    ],
    "transferred_mi": [
      [
        0.45284796251963705,
        0.20868156727368992
      ],
      [
        0.301087773891194,
        0.10526010139284141
      ],
      [
        0.7275518060253822,
        0.16706293927172025
      ],
      [
        0.5464087683239979,
        0.08623513610336184
      ]
    ],
    "posdis_above_0.3": true
  },
  "metadata": {
    "n_clips": 206,
    "n_unique_objects": 26,
    "vjepa_dim": 1024,
    "dino_dim": 384,
    "elapsed_minutes": 2.8973925511042276
  }
}