{
  "experiment": "Phase 90: Real-video surgical ablation",
  "dataset": "Physics 101 spring",
  "n_agents": 2,
  "n_heads": 2,
  "top_seeds": [
    6,
    2,
    3,
    8,
    5
  ],
  "per_seed": [
    {
      "seed": 6,
      "best_holdout": 0.9211229946524064,
      "mi_values": [
        0.5871951096396187,
        0.6365312859157946,
        0.7268865704119029,
        0.6817200059464174
      ],
      "nan_count": 0,
      "ablation": {
        "full": 0.9299065420560748,
        "zero_pos0": 0.8808411214953271,
        "zero_pos1": 0.9299065420560748,
        "zero_pos2": 0.9369158878504673,
        "zero_pos3": 0.9306853582554517,
        "zero_agent0": 0.7904984423676013,
        "zero_agent1": 0.8870716510903427,
        "zero_all": 0.5077881619937694
      },
      "mass_relevant_agent": 0,
      "mass_agent_drop": 0.13940809968847356,
      "other_agent_drop": 0.04283489096573212,
      "time_sec": 73.74574589729309
    },
    {
      "seed": 2,
      "best_holdout": 0.9357366771159875,
      "mi_values": [
        0.6831406731522989,
        0.7932754197202422,
        0.6988166414841209,
        0.5466297190830691
      ],
      "nan_count": 0,
      "ablation": {
        "full": 0.9207650273224044,
        "zero_pos0": 0.918943533697632,
        "zero_pos1": 0.8888888888888888,
        "zero_pos2": 0.9298724954462659,
        "zero_pos3": 0.8989071038251366,
        "zero_agent0": 0.8761384335154827,
        "zero_agent1": 0.8888888888888888,
        "zero_all": 0.5191256830601093
      },
      "mass_relevant_agent": 0,
      "mass_agent_drop": 0.04462659380692169,
      "other_agent_drop": 0.031876138433515555,
      "time_sec": 72.48268389701843
    },
    {
      "seed": 3,
      "best_holdout": 0.9071729957805907,
      "mi_values": [
        0.6062845549729367,
        0.6801402320195964,
        0.6423058757566531,
        0.9124067288442351
      ],
      "nan_count": 0,
      "ablation": {
        "full": 0.910941475826972,
        "zero_pos0": 0.910941475826972,
        "zero_pos1": 0.9126378286683631,
        "zero_pos2": 0.8659881255301103,
        "zero_pos3": 0.9168787107718406,
        "zero_agent0": 0.905852417302799,
        "zero_agent1": 0.8719253604749788,
        "zero_all": 0.4868532654792197
      },
      "mass_relevant_agent": 1,
      "mass_agent_drop": 0.03901611535199323,
      "other_agent_drop": 0.0050890585241730735,
      "time_sec": 73.0813558101654
    },
    {
      "seed": 8,
      "best_holdout": 0.8806970509383378,
      "mi_values": [
        0.6263781889133884,
        0.6366823387249644,
        0.7616455474602842,
        0.7321352114955864
      ],
      "nan_count": 0,
      "ablation": {
        "full": 0.885692068429238,
        "zero_pos0": 0.8779160186625194,
        "zero_pos1": 0.8841368584758943,
        "zero_pos2": 0.895800933125972,
        "zero_pos3": 0.9059097978227061,
        "zero_agent0": 0.7892690513219285,
        "zero_agent1": 0.8452566096423018,
        "zero_all": 0.48989113530326595
      },
      "mass_relevant_agent": 0,
      "mass_agent_drop": 0.0964230171073095,
      "other_agent_drop": 0.04043545878693622,
      "time_sec": 73.21812462806702
    },
    {
      "seed": 5,
      "best_holdout": 0.8724559023066486,
      "mi_values": [
        0.4793178154319129,
        0.6885943219050232,
        0.740695606615859,
        0.818066224302784
      ],
      "nan_count": 1,
      "ablation": {
        "full": 0.8424336973478939,
        "zero_pos0": 0.8510140405616224,
        "zero_pos1": 0.8502340093603744,
        "zero_pos2": 0.8299531981279251,
        "zero_pos3": 0.7886115444617785,
        "zero_agent0": 0.859594383775351,
        "zero_agent1": 0.7714508580343213,
        "zero_all": 0.49297971918876754
      },
      "mass_relevant_agent": 1,
      "mass_agent_drop": 0.07098283931357252,
      "other_agent_drop": -0.01716068642745716,
      "time_sec": 71.8784441947937
    }
  ],
  "summary": {
    "mean_full_acc": 0.8979477621965166,
    "std_full_acc": 0.03144150510895255,
    "mean_mass_drop": 0.0780913330536541,
    "std_mass_drop": 0.0368594319145825,
    "mean_other_drop": 0.02061497205657996,
    "std_other_drop": 0.02315791322051679,
    "selectivity_gap": 0.057476360997074136,
    "ttest_t": 3.6256261672042602,
    "ttest_p": 0.022245932873475895,
    "cohens_d": 1.8672838880779297,
    "verdict": "CLEAN"
  }
}