{
  "config": {
    "task": "trajectory_length_comparison",
    "outcome_variable": "trajectory_length",
    "r2_elasticity": 0.39486029744148254,
    "r2_friction": 0.552471935749054,
    "oracle_train": 0.9328125,
    "oracle_holdout": 0.871875,
    "transfer_sender_posdis": 0.14843954713476265,
    "transfer_sender_seed": 0,
    "comm_epochs": 400,
    "transfer_epochs": 200,
    "n_receivers": 3,
    "receiver_reset_interval": 40,
    "vocab_size": 5,
    "n_heads": 2,
    "control_vocab": 25
  },
  "per_seed": [
    {
      "seed": 0,
      "factored": {
        "train": 0.9025,
        "holdout": 0.870625,
        "pos_dis": 0.13488021122954402,
        "topsim": 0.3853377816693337,
        "entropies": [
          0.8399616123155472,
          0.8253460959664585
        ],
        "mi_matrix": [
          [
            0.3705408532470837,
            0.41691116521588706
          ],
          [
            0.3444033629944995,
            0.4092911252723551
          ]
        ],
        "nan_count": 0
      },
      "holistic": {
        "train": 0.91125,
        "holdout": 0.875,
        "pos_dis": 0.0,
        "topsim": 0.29537408157411066,
        "nan_count": 0
      },
      "transfer": {
        "train": 0.84,
        "holdout": 0.829375
      },
      "time_sec": 112.5626769065857
    },
    {
      "seed": 1,
      "factored": {
        "train": 0.91375,
        "holdout": 0.864375,
        "pos_dis": 0.4654554603009994,
        "topsim": 0.38114748848864793,
        "entropies": [
          0.6852375961727161,
          0.8115765671626348
        ],
        "mi_matrix": [
          [
            0.1669608482055827,
            0.5228458266270922
          ],
          [
            0.30152188375209477,
            0.40215886573585335
          ]
        ],
        "nan_count": 0
      },
      "holistic": {
        "train": 0.895,
        "holdout": 0.85875,
        "pos_dis": 0.0,
        "topsim": 0.30158072205626246,
        "nan_count": 0
      },
      "transfer": {
        "train": 0.876875,
        "holdout": 0.82125
      },
      "time_sec": 125.83607482910156
    },
    {
      "seed": 2,
      "factored": {
        "train": 0.879375,
        "holdout": 0.865,
        "pos_dis": 0.6329069781448289,
        "topsim": 0.37885215401377625,
        "entropies": [
          0.6301588173272159,
          0.8119298512951177
        ],
        "mi_matrix": [
          [
            0.14169344243301576,
            0.4603773753367684
          ],
          [
            0.22325572591242357,
            0.5235714087894874
          ]
        ],
        "nan_count": 0
      },
      "holistic": {
        "train": 0.890625,
        "holdout": 0.859375,
        "pos_dis": 0.0,
        "topsim": 0.35261505325446607,
        "nan_count": 0
      },
      "transfer": {
        "train": 0.8875,
        "holdout": 0.84875
      },
      "time_sec": 123.84136986732483
    },
    {
      "seed": 3,
      "factored": {
        "train": 0.895,
        "holdout": 0.8875,
        "pos_dis": 0.6163646712309954,
        "topsim": 0.37659684110224306,
        "entropies": [
          0.7766883339757749,
          0.8489863933788143
        ],
        "mi_matrix": [
          [
            0.17221901944847468,
            0.5546965639900022
          ],
          [
            0.22922225116618844,
            0.5018040099810538
          ]
        ],
        "nan_count": 0
      },
      "holistic": {
        "train": 0.908125,
        "holdout": 0.86625,
        "pos_dis": 0.0,
        "topsim": 0.2873608728141789,
        "nan_count": 0
      },
      "transfer": {
        "train": 0.8925,
        "holdout": 0.834375
      },
      "time_sec": 118.31354308128357
    },
    {
      "seed": 4,
      "factored": {
        "train": 0.886875,
        "holdout": 0.85875,
        "pos_dis": 0.5500345618353426,
        "topsim": 0.38987929163899854,
        "entropies": [
          0.9272841952211933,
          0.7193464372531273
        ],
        "mi_matrix": [
          [
            0.22255410197096304,
            0.5404522201063289
          ],
          [
            0.2191740761520875,
            0.4489997704709895
          ]
        ],
        "nan_count": 0
      },
      "holistic": {
        "train": 0.923125,
        "holdout": 0.858125,
        "pos_dis": 0.0,
        "topsim": 0.2494507127400627,
        "nan_count": 1
      },
      "transfer": {
        "train": 0.88875,
        "holdout": 0.82125
      },
      "time_sec": 117.65981984138489
    },
    {
      "seed": 5,
      "factored": {
        "train": 0.909375,
        "holdout": 0.853125,
        "pos_dis": 0.2685613878959894,
        "topsim": 0.409166668334469,
        "entropies": [
          0.9823436622774925,
          0.8105428096790875
        ],
        "mi_matrix": [
          [
            0.3000687919084207,
            0.49379951387125576
          ],
          [
            0.3460603476893997,
            0.404652443169997
          ]
        ],
        "nan_count": 1
      },
      "holistic": {
        "train": 0.909375,
        "holdout": 0.8525,
        "pos_dis": 0.0,
        "topsim": 0.30199953992894735,
        "nan_count": 0
      },
      "transfer": {
        "train": 0.885625,
        "holdout": 0.829375
      },
      "time_sec": 118.74981904029846
    },
    {
      "seed": 6,
      "factored": {
        "train": 0.923125,
        "holdout": 0.86125,
        "pos_dis": 0.4924974025587464,
        "topsim": 0.40188665712587834,
        "entropies": [
          0.8392118824500258,
          0.9740695339532929
        ],
        "mi_matrix": [
          [
            0.2161910468187783,
            0.5714947168998454
          ],
          [
            0.35900160704816264,
            0.5638343738867857
          ]
        ],
        "nan_count": 0
      },
      "holistic": {
        "train": 0.9225,
        "holdout": 0.8675,
        "pos_dis": 0.0,
        "topsim": 0.30095122259632817,
        "nan_count": 1
      },
      "transfer": {
        "train": 0.879375,
        "holdout": 0.824375
      },
      "time_sec": 119.51730108261108
    },
    {
      "seed": 7,
      "factored": {
        "train": 0.910625,
        "holdout": 0.880625,
        "pos_dis": 0.37035655724375843,
        "topsim": 0.41675964285309164,
        "entropies": [
          0.8879405541662406,
          0.8446599363587911
        ],
        "mi_matrix": [
          [
            0.30778881181609724,
            0.4780566543709858
          ],
          [
            0.30428306864324145,
            0.494404606427156
          ]
        ],
        "nan_count": 0
      },
      "holistic": {
        "train": 0.936875,
        "holdout": 0.879375,
        "pos_dis": 0.0,
        "topsim": 0.3097053735259441,
        "nan_count": 0
      },
      "transfer": {
        "train": 0.88875,
        "holdout": 0.79875
      },
      "time_sec": 120.01385712623596
    },
    {
      "seed": 8,
      "factored": {
        "train": 0.925,
        "holdout": 0.868125,
        "pos_dis": 0.445350909414961,
        "topsim": 0.4063649479243829,
        "entropies": [
          0.7695210857643616,
          0.9279255401777614
        ],
        "mi_matrix": [
          [
            0.20690285493192484,
            0.49061464024970747
          ],
          [
            0.3284160666345589,
            0.47764298232725827
          ]
        ],
        "nan_count": 0
      },
      "holistic": {
        "train": 0.878125,
        "holdout": 0.8725,
        "pos_dis": 0.0,
        "topsim": 0.2644863676678042,
        "nan_count": 0
      },
      "transfer": {
        "train": 0.8875,
        "holdout": 0.811875
      },
      "time_sec": 118.82100677490234
    },
    {
      "seed": 9,
      "factored": {
        "train": 0.914375,
        "holdout": 0.87375,
        "pos_dis": 0.46312942846584043,
        "topsim": 0.3946762002654494,