{
  "per_seed": [
    {
      "seed": 0,
      "holdout_both": 0.5163727959697733,
      "holdout_mass": 0.563392107472712,
      "holdout_rest": 0.43073047858942065,
      "pos_dis": 0.0,
      "topsim": 0.0,
      "mi_matrix": [
        [
          0.0,
          0.0
        ],
        [
          0.0,
          0.0
        ],
        [
          0.0,
          0.0
        ],
        [
          0.0,
          0.0
        ],
        [
          0.0,
          0.0
        ],
        [
          0.0,
          0.0
        ],
        [
          0.0,
          0.0
        ],
        [
          0.0,
          0.0
        ]
      ],
      "nan_count": 0,
      "time_sec": 108.56612300872803
    },
    {
      "seed": 1,
      "holdout_both": 0.5163727959697733,
      "holdout_mass": 0.6129303106633082,
      "holdout_rest": 0.40218303946263645,
      "pos_dis": 0.0,
      "topsim": 0.0,
      "mi_matrix": [
        [
          0.0,
          0.0
        ],
        [
          0.0,
          0.0
        ],
        [
          0.0,
          0.0
        ],
        [
          0.0,
          0.0
        ],
        [
          0.0,
          0.0
        ],
        [
          0.0,
          0.0
        ],
        [
          0.0,
          0.0
        ],
        [
          0.0,
          0.0
        ]
      ],
      "nan_count": 0,
      "time_sec": 111.5108540058136
    },
    {
      "seed": 2,
      "holdout_both": 0.5163727959697733,
      "holdout_mass": 0.5432409739714525,
      "holdout_rest": 0.4450041981528128,
      "pos_dis": 0.09440893524640258,
      "topsim": 0.008263136119751255,
      "mi_matrix": [
        [
          0.0,
          0.0
        ],
        [
          0.0,
          0.0
        ],
        [
          0.0,
          0.0
        ],
        [
          0.0,
          0.0
        ],
        [
          0.0,
          0.0
        ],
        [
          0.0011852953949749636,
          0.0002900755854385595
        ],
        [
          0.0,
          0.0
        ],
        [
          0.0,
          0.0
        ]
      ],
      "nan_count": 0,
      "time_sec": 116.71550393104553
    },
    {
      "seed": 3,
      "holdout_both": 0.5163727959697733,
      "holdout_mass": 0.45591939546599497,
      "holdout_rest": 0.47523089840470195,
      "pos_dis": 0.0,
      "topsim": 0.0,
      "mi_matrix": [
        [
          0.0,
          0.0
        ],
        [
          0.0,
          0.0
        ],
        [
          0.0,
          0.0
        ],
        [
          0.0,
          0.0
        ],
        [
          0.0,
          0.0
        ],
        [
          0.0,
          0.0
        ],
        [
          0.0,
          0.0
        ],
        [
          0.0,
          0.0
        ]
      ],
      "nan_count": 0,
      "time_sec": 113.402272939682
    },
    {
      "seed": 4,
      "holdout_both": 0.5163727959697733,
      "holdout_mass": 0.6129303106633082,
      "holdout_rest": 0.3795130142737196,
      "pos_dis": 0.028171524597851674,
      "topsim": 0.03439023940558705,
      "mi_matrix": [
        [
          0.0,
          0.0
        ],
        [
          0.0,
          0.0
        ],
        [
          0.0,
          0.0
        ],
        [
          0.0009162958637885139,
          0.000709788252063491
        ],
        [
          0.0,
          0.0
        ],
        [
          0.0,
          0.0
        ],
        [
          0.0,
          0.0
        ],
        [
          0.0,
          0.0
        ]
      ],
      "nan_count": 1,
      "time_sec": 113.87940192222595
    },
    {
      "seed": 5,
      "holdout_both": 0.5163727959697733,
      "holdout_mass": 0.5432409739714525,
      "holdout_rest": 0.4920235096557515,
      "pos_dis": 0.11459775700928455,
      "topsim": -0.01223482342909435,
      "mi_matrix": [
        [
          0.0,
          0.0
        ],
        [
          0.00016151272114709857,
          0.0019408400824136823
        ],
        [
          0.0,
          0.0
        ],
        [
          0.0,
          0.0
        ],
        [
          0.0,
          0.0
        ],
        [
          0.0,
          0.0
        ],
        [
          0.0,
          0.0
        ],
        [
          0.0,
          0.0
        ]
      ],
      "nan_count": 1,
      "time_sec": 105.55126285552979
    },
    {
      "seed": 6,
      "holdout_both": 0.5163727959697733,
      "holdout_mass": 0.5793450881612091,
      "holdout_rest": 0.418975650713686,
      "pos_dis": 0.0,
      "topsim": 0.0,
      "mi_matrix": [
        [
          0.0,
          0.0
        ],
        [
          0.0,
          0.0
        ],
        [
          0.0,
          0.0
        ],
        [
          0.0,
          0.0
        ],
        [
          0.0,
          0.0
        ],
        [
          0.0,
          0.0
        ],
        [
          0.0,
          0.0
        ],
        [
          0.0,
          0.0
        ]
      ],
      "nan_count": 0,
      "time_sec": 106.92714786529541
    },
    {
      "seed": 7,
      "holdout_both": 0.5163727959697733,
      "holdout_mass": 0.6238455079764903,
      "holdout_rest": 0.40470193115029385,
      "pos_dis": 0.0,
      "topsim": 0.0,
      "mi_matrix": [
        [
          0.0,
          0.0
        ],
        [
          0.0,
          0.0
        ],
        [
          0.0,
          0.0
        ],
        [
          0.0,
          0.0
        ],
        [
          0.0,
          0.0
        ],
        [
          0.0,
          0.0
        ],
        [
          0.0,
          0.0
        ],
        [
          0.0,
          0.0
        ]
      ],
      "nan_count": 1,
      "time_sec": 108.10350584983826
    },
    {
      "seed": 8,
      "holdout_both": 0.5163727959697733,
      "holdout_mass": 0.5037783375314862,
      "holdout_rest": 0.5264483627204031,
      "pos_dis": 0.0,
      "topsim": 0.0,
      "mi_matrix": [
        [
          0.0,
          0.0
        ],
        [
          0.0,
          0.0
        ],
        [
          0.0,
          0.0
        ],
        [
          0.0,
          0.0
        ],
        [
          0.0,
          0.0
        ],
        [
          0.0,
          0.0
        ],
        [
          0.0,
          0.0
        ],
        [
          0.0,
          0.0
        ]
      ],
      "nan_count": 0,
      "time_sec": 110.17676210403442
    },
    {
      "seed": 9,
      "holdout_both": 0.5163727959697733,
      "holdout_mass": 0.5474391267842149,
      "holdout_rest": 0.44080604534005036,
      "pos_dis": 0.0,
      "topsim": 0.0,
      "mi_matrix": [
        [
          0.0,
          0.0
        ],
        [
          0.0,
          0.0
        ],
        [
          0.0,
          0.0
        ],
        [
          0.0,
          0.0
        ],
        [
          0.0,
          0.0
        ],
        [
          0.0,
          0.0
        ],
        [
          0.0,
          0.0
        ],
        [
          0.0,
          0.0
        ]
      ],
      "nan_count": 1,
      "time_sec": 106.83011031150818
    }
  ],
  "summary": {
    "holdout_mean": 0.5163727959697733,
    "holdout_std": 0.0,
    "posdis_mean": 0.023717821685353878,
    "posdis_std": 0.04148973018603929,
    "topsim_mean": 0.003041855209624396,
    "topsim_std": 0.01143735134585388,
    "n_compositional": 0,
    "n_seeds": 10
  },
  "config": {
    "n_agents": 4,
    "frames_per_agent": 2,
    "n_scenes": 259,
    "dataset": "CoPhy CollisionCF",
    "properties": "mass (obj0) vs restitution (obj0)",
    "grid": "3x3 (mass\u2208{1,2,5} \u00d7 rest\u2208{0.1,0.5,1})",
    "holdout": "diagonal cells (0,0),(1,1),(2,2)"
  }
}