{
  "2x8_train_e": 0.951276102088167,
  "2x8_train_f": 0.9532924961715161,
  "2x8_train_both": 0.9164345403899722,
  "2x8_holdout_e": 0.8821705426356589,
  "2x8_holdout_f": 0.8271317829457364,
  "2x8_holdout_both": 0.7093023255813954,
  "1x64_train_e": 0.8932714617169374,
  "1x64_train_f": 0.8805513016845329,
  "1x64_train_both": 0.7948003714020427,
  "1x64_holdout_e": 0.7248062015503876,
  "1x64_holdout_f": 0.9093023255813953,
  "1x64_holdout_both": 0.6356589147286822,
  "2x8_posdis": 0.12402264705504244,
  "2x8_topsim": 0.635635544836021,
  "2x8_entropy": [
    0.749016089542347,
    0.8789473890924832
  ],
  "1x64_topsim": 0.5254482067025784,
  "1x64_entropy": [
    0.4189457844230634
  ],
  "mode": "dino_iterated_learning",
  "receiver_reset_interval": 20
}