{
  "vjepa2_messages": {
    "mean": 0.8866666555404663,
    "std": 0.004859121945013532,
    "seeds": [
      0.8916666507720947,
      0.8999999761581421,
      0.8833333253860474,
      0.8833333253860474,
      0.8833333253860474,
      0.8833333253860474,
      0.8916666507720947,
      0.8833333253860474,
      0.8833333253860474,
      0.8833333253860474,
      0.8916666507720947,
      0.8916666507720947,
      0.8833333253860474,
      0.8833333253860474,
      0.8833333253860474,
      0.8916666507720947,
      0.8916666507720947,
      0.8833333253860474,
      0.8833333253860474,
      0.8833333253860474
    ]
  },
  "dinov2_messages": {
    "mean": 0.7850000113248825,
    "std": 0.012801918710562308,
    "seeds": [
      0.800000011920929,
      0.800000011920929,
      0.7666666507720947,
      0.7833333611488342,
      0.7833333611488342,
      0.7833333611488342,
      0.800000011920929,
      0.7666666507720947,
      0.7833333611488342,
      0.7833333611488342,
      0.7833333611488342,
      0.7666666507720947,
      0.7833333611488342,
      0.7666666507720947,
      0.800000011920929,
      0.7666666507720947,
      0.800000011920929,
      0.800000011920929,
      0.800000011920929,
      0.7833333611488342
    ]
  },
  "vjepa2_raw_features": {
    "mean": 0.9462499916553497,
    "std": 0.007204833323008362,
    "seeds": [
      0.9583333134651184,
      0.9416666626930237,
      0.9583333134651184,
      0.9416666626930237,
      0.949999988079071,
      0.9416666626930237,
      0.949999988079071,
      0.9416666626930237,
      0.9583333134651184,
      0.949999988079071,
      0.949999988079071,
      0.9416666626930237,
      0.9416666626930237,
      0.9416666626930237,
      0.9416666626930237,
      0.9416666626930237,
      0.9416666626930237,
      0.9583333134651184,
      0.9416666626930237,
      0.9333333373069763
    ]
  },
  "ttest_vjepa2_vs_dinov2": {
    "t": 32.36342187773176,
    "p": 2.859477359313774e-29,
    "d": 10.500080579320116
  },
  "ttest_vjepa2_msgs_vs_raw": {
    "t": -29.886058616596355,
    "p": 5.273004991287974e-28,
    "d": -9.696317801563064
  },
  "outcome_label": "sphere_B_speed_above_median",
  "n_positive": 300,
  "n_negative": 300,
  "vjepa2_sender_posdis": 0.7372543360934056,
  "dinov2_sender_posdis": 0.6686867341738512,
  "self_corrections_applied": []
}