{
  "config": {
    "vocab_size": 25,
    "n_heads": 1,
    "msg_dim": 25,
    "n_receivers": 3,
    "receiver_reset_interval": 40,
    "reset_mode": "simultaneous",
    "comm_epochs": 400,
    "condition": "control_1x25"
  },
  "seeds": [
    0,
    1,
    2,
    3,
    4,
    5,
    6,
    7,
    8,
    9,
    10,
    11,
    12,
    13,
    14,
    15,
    16,
    17,
    18,
    19
  ],
  "per_seed": [
    {
      "seed": 0,
      "oracle_both": 0.9467275494672754,
      "train_e": 0.9559164733178654,
      "train_f": 0.9624808575803981,
      "train_both": 0.9396471680594243,
      "holdout_e": 0.862015503875969,
      "holdout_f": 0.8573643410852713,
      "holdout_both": 0.7217054263565892,
      "pos_dis": 0.0,
      "topsim": 0.4279146543854704,
      "entropies": [
        0.7542097087232589
      ],
      "mi_matrix": [
        [
          1.0306529971774936,
          1.019978847788738
        ]
      ],
      "best_mi_e": 1.0306529971774936,
      "best_mi_f": 1.019978847788738,
      "nan_count": 0,
      "time_sec": 96.00944304466248
    },
    {
      "seed": 1,
      "oracle_both": 0.989345509893455,
      "train_e": 0.9535962877030162,
      "train_f": 0.9532924961715161,
      "train_both": 0.9294336118848654,
      "holdout_e": 0.8627906976744186,
      "holdout_f": 0.8798449612403101,
      "holdout_both": 0.7426356589147287,
      "pos_dis": 0.0,
      "topsim": 0.42598584927397076,
      "entropies": [
        0.7697925837805931
      ],
      "mi_matrix": [
        [
          1.1228932272269887,
          1.1879965126861243
        ]
      ],
      "best_mi_e": 1.1228932272269887,
      "best_mi_f": 1.1879965126861243,
      "nan_count": 0,
      "time_sec": 95.14622592926025
    },
    {
      "seed": 2,
      "oracle_both": 0.9817351598173516,
      "train_e": 0.9365815931941222,
      "train_f": 0.9777947932618682,
      "train_both": 0.9275766016713092,
      "holdout_e": 0.7914728682170543,
      "holdout_f": 0.8992248062015504,
      "holdout_both": 0.6906976744186046,
      "pos_dis": 0.0,
      "topsim": 0.42835473167566024,
      "entropies": [
        0.744473170974667
      ],
      "mi_matrix": [
        [
          0.8447589800671723,
          1.2572560845529324
        ]
      ],
      "best_mi_e": 0.8447589800671723,
      "best_mi_f": 1.2572560845529324,
      "nan_count": 0,
      "time_sec": 101.21531271934509
    },
    {
      "seed": 3,
      "oracle_both": 0.9710806697108066,
      "train_e": 0.9389017788089714,
      "train_f": 0.9663093415007658,
      "train_both": 0.9173630454967502,
      "holdout_e": 0.7751937984496124,
      "holdout_f": 0.9434108527131783,
      "holdout_both": 0.7186046511627907,
      "pos_dis": 0.0,
      "topsim": 0.4133446383600709,
      "entropies": [
        0.7624190869050481
      ],
      "mi_matrix": [
        [
          0.8808712052625363,
          1.2367166418255762
        ]
      ],
      "best_mi_e": 0.8808712052625363,
      "best_mi_f": 1.2367166418255762,
      "nan_count": 0,
      "time_sec": 96.72856497764587
    },
    {
      "seed": 4,
      "oracle_both": 0.989345509893455,
      "train_e": 0.9559164733178654,
      "train_f": 0.9632465543644717,
      "train_both": 0.9396471680594243,
      "holdout_e": 0.7992248062015503,
      "holdout_f": 0.9,
      "holdout_both": 0.6992248062015504,
      "pos_dis": 0.0,
      "topsim": 0.44706516404847474,
      "entropies": [
        0.7371744726794173
      ],
      "mi_matrix": [
        [
          1.0641535669884223,
          1.0903892722862023
        ]
      ],
      "best_mi_e": 1.0641535669884223,
      "best_mi_f": 1.0903892722862023,
      "nan_count": 1,
      "time_sec": 93.693354845047
    },
    {
      "seed": 5,
      "oracle_both": 0.9954337899543378,
      "train_e": 0.9706109822119103,
      "train_f": 0.9754977029096478,
      "train_both": 0.957288765088208,
      "holdout_e": 0.8069767441860465,
      "holdout_f": 0.8806201550387597,
      "holdout_both": 0.6875968992248062,
      "pos_dis": 0.0,
      "topsim": 0.414209657936728,
      "entropies": [
        0.795260524356049
      ],
      "mi_matrix": [
        [
          1.0556156313424054,
          1.277607824457
        ]
      ],
      "best_mi_e": 1.0556156313424054,
      "best_mi_f": 1.277607824457,
      "nan_count": 1,
      "time_sec": 93.68581318855286
    },
    {
      "seed": 6,
      "oracle_both": 0.9604261796042618,
      "train_e": 0.9566898685228151,
      "train_f": 0.9609494640122511,
      "train_both": 0.9266480965645311,
      "holdout_e": 0.9155038759689923,
      "holdout_f": 0.8248062015503876,
      "holdout_both": 0.7403100775193798,
      "pos_dis": 0.0,
      "topsim": 0.4120806940296517,
      "entropies": [
        0.7669203945132343
      ],
      "mi_matrix": [
        [
          1.1824070323417308,
          1.0123241388854824
        ]
      ],
      "best_mi_e": 1.1824070323417308,
      "best_mi_f": 1.0123241388854824,
      "nan_count": 2,
      "time_sec": 94.69625306129456
    },
    {
      "seed": 7,
      "oracle_both": 0.8919330289193302,
      "train_e": 0.9636504253673627,
      "train_f": 0.9563552833078101,
      "train_both": 0.9377901578458682,
      "holdout_e": 0.8403100775193798,
      "holdout_f": 0.8844961240310077,
      "holdout_both": 0.7410852713178294,
      "pos_dis": 0.0,
      "topsim": 0.4286312816505315,
      "entropies": [
        0.742491443870919
      ],
      "mi_matrix": [
        [
          0.9863257874675156,
          1.14420450165618
        ]
      ],
      "best_mi_e": 0.9863257874675156,
      "best_mi_f": 1.14420450165618,
      "nan_count": 0,
      "time_sec": 94.23914885520935
    },
    {
      "seed": 8,
      "oracle_both": 0.9710806697108066,
      "train_e": 0.9698375870069605,
      "train_f": 0.9578866768759571,
      "train_both": 0.9405756731662024,
      "holdout_e": 0.889922480620155,
      "holdout_f": 0.858139534883721,
      "holdout_both": 0.772093023255814,
      "pos_dis": 0.0,
      "topsim": 0.4145565543304384,
      "entropies": [
        0.7753207960632386
      ],
      "mi_matrix": [
        [
          1.110018605889843,
          1.0576838892104916
        ]
      ],
      "best_mi_e": 1.110018605889843,
      "best_mi_f": 1.0576838892104916,
      "nan_count": 1,
      "time_sec": 94.62710976600647
    },
    {
      "seed": 9,
      "oracle_both": 0.9619482496194824,
      "train_e": 0.9814385150812065,
      "train_f": 0.942572741194487,
      "train_both": 0.9461467038068709,
      "holdout_e": 0.8310077519379845,
      "holdout_f": 0.8527131782945736,
      "holdout_both": 0.6837209302325581,
      "pos_dis": 0.0,
      "topsim": 0.4330498288351519,
      "entropies": [
        0.7688152554650894
      ],
      "mi_matrix": [
        [
          1.1131776094129684,
          1.1038269213904306
        ]
      ],
      "best_mi_e": 1.1131776094129684,
      "best_mi_f": 1.1038269213904306,
      "nan_count": 1,
      "time_sec": 95.87017107009888
    },
    {
      "seed": 10,
      "oracle_both": 0.9299847792998478,
      "train_e": 0.9296210363495746,
      "train_f": 0.9571209800918836,
      "train_both": 0.9117920148560817,
      "holdout_e": 0.8356589147286821,
      "holdout_f": 0.8294573643410853,
      "holdout_both": 0.7333333333333333,
      "pos_dis": 0.0,
      "topsim": 0.46757614160648225,
      "entropies": [
        0.6511767462971801
      ],
      "mi_matrix": [
        [
          0.8528847069920047,
          0.9172059016555257
        ]
      ],
      "best_mi_e": 0.8528847069920047,
      "best_mi_f": 0.9172059016555257,
      "nan_count": 1,
      "time_sec": 96.57869911193848
    },
    {
      "seed": 11,
      "oracle_both": 0.989345509893455,
      "train_e": 0.945862335653519,
      "train_f": 0.9509954058192955,
      "train_both": 0.9099350046425255,
      "holdout_e": 0.8007751937984496,
      "holdout_f": 0.8930232558139535,
      "holdout_both": 0.7170542635658915,