{
  "2x8_train_e": 0.945862335653519,
  "2x8_train_f": 0.94104134762634,
  "2x8_train_both": 0.9015784586815228,
  "2x8_holdout_e": 0.8465116279069768,
  "2x8_holdout_f": 0.9224806201550387,
  "2x8_holdout_both": 0.7689922480620155,
  "1x64_train_e": 0.8793503480278422,
  "1x64_train_f": 0.9287901990811639,
  "1x64_train_both": 0.8486536675951718,
  "1x64_holdout_e": 0.8170542635658915,
  "1x64_holdout_f": 0.8023255813953488,
  "1x64_holdout_both": 0.6255813953488372,
  "2x8_posdis": 0.1697958016825469,
  "2x8_topsim": 0.6722928342222294,
  "2x8_entropy": [
    0.7932238337528137,
    0.7544800599980961
  ],
  "1x64_topsim": 0.5095047533054575,
  "1x64_entropy": [
    0.42665419698711027
  ],
  "mode": "dino_iterated_learning",
  "receiver_reset_interval": 20
}