{
  "alignment": {
    "spring": {
      "r2_v2d": 0.6374467611312866,
      "r2_d2v": 0.7580059766769409,
      "cka": 0.5638707280158997,
      "knn_10": 0.44077669902912614
    },
    "fall": {
      "r2_v2d": -6.367010593414307,
      "r2_d2v": -4.199421405792236,
      "cka": 0.5952484011650085,
      "knn_10": 0.27837837837837837
    },
    "ramp": {
      "r2_v2d": -5.963016510009766,
      "r2_d2v": -11.062853813171387,
      "cka": 0.5780770778656006,
      "knn_10": 0.3939478067740144
    }
  },
  "compositional_transfer": {
    "spring": {
      "native_posdis": 0.7186015876419787,
      "transferred_posdis": 0.7005337890996508,
      "token_agreement": 0.6614077669902912,
      "posdis_drop": 0.018067798542327873
    },
    "fall": {
      "native_posdis": 0.25350344657348745,
      "transferred_posdis": 0.28981363099599333,
      "token_agreement": 0.08783783783783784,
      "posdis_drop": -0.03631018442250589
    },
    "ramp": {
      "native_posdis": 0.44108329702409965,
      "transferred_posdis": 0.5359643358872647,
      "token_agreement": 0.004025541365907829,
      "posdis_drop": -0.09488103886316501
    }
  },
  "train_scenario": "spring",
  "comm_accuracy": 0.8943338437978561,
  "elapsed_min": 1.8362553119659424
}