{
  "config": {
    "unfreeze_blocks": [
      10,
      11
    ],
    "encoder_lr": 1e-05,
    "sender_lr": 0.001,
    "receiver_lr": 0.003,
    "comm_epochs": 400,
    "n_seeds_frozen": 20,
    "n_seeds_e2e": 5,
    "n_receivers": 3,
    "receiver_reset_interval": 40
  },
  "frozen": {
    "per_seed": [
      {
        "seed": 0,
        "oracle_both": 0.9675174013921114,
        "train_both": 0.9554317548746518,
        "holdout_both": 0.8790697674418605,
        "holdout_e": 0.8968992248062015,
        "holdout_f": 0.982170542635659,
        "pos_dis": 0.9209216711303805,
        "topsim": 0.6248491199743804,
        "mi_matrix": [
          [
            1.1515984266809234,
            0.18002925543913373
          ],
          [
            0.0028050942239797923,
            1.5355506119583577
          ]
        ],
        "nan_count": 0,
        "time_sec": 74.32866501808167
      },
      {
        "seed": 1,
        "oracle_both": 0.9721577726218097,
        "train_both": 0.9405756731662024,
        "holdout_both": 0.7263565891472868,
        "holdout_e": 0.8821705426356589,
        "holdout_f": 0.8441860465116279,
        "pos_dis": 0.10762122665299934,
        "topsim": 0.6712909301106332,
        "mi_matrix": [
          [
            0.7088589181456911,
            0.5785159737898729
          ],
          [
            0.6491483356129718,
            0.6701683827447286
          ]
        ],
        "nan_count": 0,
        "time_sec": 71.83429503440857
      },
      {
        "seed": 2,
        "oracle_both": 0.9860788863109049,
        "train_both": 0.9433611884865367,
        "holdout_both": 0.7945736434108527,
        "holdout_e": 0.9124031007751938,
        "holdout_f": 0.8821705426356589,
        "pos_dis": 0.4611045035448429,
        "topsim": 0.653379075569222,
        "mi_matrix": [
          [
            0.43199252626649787,
            0.7791691566388349
          ],
          [
            0.9216835628958528,
            0.48237586161715695
          ]
        ],
        "nan_count": 0,
        "time_sec": 72.30971312522888
      },
      {
        "seed": 3,
        "oracle_both": 0.9721577726218097,
        "train_both": 0.947075208913649,
        "holdout_both": 0.7767441860465116,
        "holdout_e": 0.8945736434108527,
        "holdout_f": 0.8821705426356589,
        "pos_dis": 0.2996551296183657,
        "topsim": 0.6595239023939563,
        "mi_matrix": [
          [
            0.7639057573320507,
            0.5257925415629846
          ],
          [
            0.5071879518748786,
            0.7119479541993403
          ]
        ],
        "nan_count": 0,
        "time_sec": 72.2169041633606
      },
      {
        "seed": 4,
        "oracle_both": 0.9814385150812065,
        "train_both": 0.9702878365831012,
        "holdout_both": 0.7790697674418605,
        "holdout_e": 0.8604651162790697,
        "holdout_f": 0.9069767441860465,
        "pos_dis": 0.6321335080843579,
        "topsim": 0.5773542585570102,
        "mi_matrix": [
          [
            0.271656957754203,
            0.8606890544950523
          ],
          [
            0.8522302723151117,
            0.35802678594252985
          ]
        ],
        "nan_count": 0,
        "time_sec": 71.19679689407349
      },
      {
        "seed": 5,
        "oracle_both": 0.988399071925754,
        "train_both": 0.9452181987000928,
        "holdout_both": 0.7232558139534884,
        "holdout_e": 0.775968992248062,
        "holdout_f": 0.9472868217054263,
        "pos_dis": 0.4356014273510047,
        "topsim": 0.6931207252913674,
        "mi_matrix": [
          [
            0.6799682360190421,
            0.48695329561401907
          ],
          [
            0.4295335415042443,
            1.0409000231255874
          ]
        ],
        "nan_count": 1,
        "time_sec": 69.90366697311401
      },
      {
        "seed": 6,
        "oracle_both": 0.962877030162413,
        "train_both": 0.947075208913649,
        "holdout_both": 0.8248062015503876,
        "holdout_e": 0.9131782945736434,
        "holdout_f": 0.9116279069767442,
        "pos_dis": 0.6992696966730992,
        "topsim": 0.6273213350055133,
        "mi_matrix": [
          [
            1.083385929210754,
            0.3037877688958158
          ],
          [
            0.3083031317449827,
            0.9602821326074833
          ]
        ],
        "nan_count": 0,
        "time_sec": 72.48955011367798
      },
      {
        "seed": 7,
        "oracle_both": 0.9002320185614849,
        "train_both": 0.9610027855153204,
        "holdout_both": 0.7333333333333333,
        "holdout_e": 0.924031007751938,
        "holdout_f": 0.8093023255813954,
        "pos_dis": 0.22442152067355128,
        "topsim": 0.6773440283783344,
        "mi_matrix": [
          [
            0.8731664150003139,
            0.5089199889704896
          ],
          [
            0.6965162580069688,
            0.6744455725744039
          ]
        ],
        "nan_count": 0,
        "time_sec": 71.86882829666138
      },
      {
        "seed": 8,
        "oracle_both": 0.9651972157772621,
        "train_both": 0.9266480965645311,
        "holdout_both": 0.8031007751937984,
        "holdout_e": 0.8728682170542635,
        "holdout_f": 0.9302325581395349,
        "pos_dis": 0.30169751902524444,
        "topsim": 0.6928397418762813,
        "mi_matrix": [
          [
            0.538552943553136,
            0.6810245758440259
          ],
          [
            0.8268135258193808,
            0.5008893039460744
          ]
        ],
        "nan_count": 0,
        "time_sec": 73.2441918849945
      },
      {
        "seed": 9,
        "oracle_both": 0.9651972157772621,
        "train_both": 0.957288765088208,
        "holdout_both": 0.703875968992248,
        "holdout_e": 0.8418604651162791,
        "holdout_f": 0.862015503875969,
        "pos_dis": 0.2078351716539911,
        "topsim": 0.6952608417643605,
        "mi_matrix": [
          [
            0.5666975204156142,
            0.7430050340606884
          ],
          [
            0.731752255491539,
            0.6012218883385613
          ]
        ],
        "nan_count": 1,
        "time_sec": 74.07913422584534
      },
      {
        "seed": 10,
        "oracle_both": 0.9443155452436195,
        "train_both": 0.9080779944289693,
        "holdout_both": 0.8674418604651163,
        "holdout_e": 0.9093023255813953,
        "holdout_f": 0.958139534883721,
        "pos_dis": 0.24962594037931662,
        "topsim": 0.6484533843488494,
        "mi_matrix": [
          [
            0.5145136523330931,
            0.8016941084640712
          ],
          [
            0.7446601326247032,
            0.6396370774586726
          ]
        ],
        "nan_count": 0,
        "time_sec": 73.97563290596008
      },
      {
        "seed": 11,
        "oracle_both": 0.9837587006960556,
        "train_both": 0.9554317548746518,
        "holdout_both": 0.7294573643410853,
        "holdout_e": 0.8023255813953488,
        "holdout_f": 0.9271317829457364,
        "pos_dis": 0.46213420284567064,
        "topsim": 0.6747769815624652,
        "mi_matrix": [
          [
            0.7352507778861268,
            0.5039778555822726
          ],
          [
            0.3910244005607709,
            1.0019039899918003
          ]
        ],
        "nan_count": 0,
        "time_sec": 73.87052583694458
      },
      {
        "seed": 12,
        "oracle_both": 0.974477958236659,
        "train_both": 0.9415041782729805,
        "holdout_both": 0.851937984496124,
        "holdout_e": 0.9604651162790697,
        "holdout_f": 0.889922480620155,
        "pos_dis": 0.43465113136140054,
        "topsim": 0.6687426299518603,
        "mi_matrix": [
          [
            0.6029188105634246,
            0.7536887093456124
          ],
          [
            1.0389901436894142,
            0.3436360191670447
          ]
        ],
        "nan_count": 0,