{
  "routing_accuracy": 1.0,
  "spring_acc": 0.8390052356020943,
  "ramp_acc": 0.7611607142857143
}