{
  "original": {
    "accuracy": 0.85875,
    "n_pairs": 3200,
    "difficulty": {
      "tiny": {
        "acc": 0.5704057279236276,
        "n": 419
      },
      "small": {
        "acc": 0.8335766423357664,
        "n": 685
      },
      "medium": {
        "acc": 0.9956236323851203,
        "n": 457
      },
      "large": {
        "acc": 1.0,
        "n": 376
      }
    },
    "entropy": 0.51232849739719,
    "symbols_used": 5,
    "symbol_stats": {
      "1": {
        "mean_e": 0.30193168687693767,
        "std_e": 0.08900874169438591,
        "count": 52
      },
      "6": {
        "mean_e": 0.7758531712191157,
        "std_e": 0.10473767678627258,
        "count": 221
      },
      "9": {
        "mean_e": 0.5027328003723839,
        "std_e": 0.09173316034394108,
        "count": 143
      },
      "13": {
        "mean_e": 0.3399307597367896,
        "std_e": 0.10215308291422306,
        "count": 30
      },
      "15": {
        "mean_e": 0.19210441813912912,
        "std_e": 0.09238760410461849,
        "count": 154
      }
    },
    "symbol_ordering": [
      15,
      1,
      13,
      9,
      6
    ]
  },
  "all_transfer": {
    "accuracy": 0.5128125,
    "n_pairs": 3200
  },
  "near_transfer": {
    "accuracy": 0.500625,
    "n_pairs": 3200,
    "difficulty": {
      "tiny": {
        "acc": 0.4468599033816425,
        "n": 414
      },
      "small": {
        "acc": 0.4597875569044006,
        "n": 659
      },
      "medium": {
        "acc": 0.5009861932938856,
        "n": 507
      },
      "large": {
        "acc": 0.49722222222222223,
        "n": 360
      }
    }
  },
  "far_transfer": {
    "accuracy": 0.5478125,
    "n_pairs": 3200,
    "difficulty": {
      "tiny": {
        "acc": 0.5362694300518135,
        "n": 386
      },
      "small": {
        "acc": 0.553968253968254,
        "n": 630
      },
      "medium": {
        "acc": 0.5964523281596452,
        "n": 451
      },
      "large": {
        "acc": 0.5851528384279476,
        "n": 458
      }
    }
  },
  "cross_domain": {
    "accuracy": 0.59625,
    "n_pairs": 3200
  },
  "symbol_consistency": {
    "kendall_tau": 0.2,
    "common_symbols": [
      1,
      6,
      9,
      13,
      15
    ],
    "original_ordering": [
      15,
      1,
      13,
      9,
      6
    ],
    "transfer_ordering": [
      1,
      9,
      15,
      6,
      13
    ],
    "transfer_symbol_stats": {
      "1": {
        "mean_e": 0.33021621664227147,
        "std_e": 0.15768420933149013,
        "count": 3
      },
      "6": {
        "mean_e": 0.5197666323648217,
        "std_e": 0.2612600869146257,
        "count": 171
      },
      "9": {
        "mean_e": 0.40272798328558784,
        "std_e": 0.19688899178925015,
        "count": 12
      },
      "13": {
        "mean_e": 0.5506865890619518,
        "std_e": 0.19410899504308207,
        "count": 5
      },
      "15": {
        "mean_e": 0.4187695032460782,
        "std_e": 0.26573860458031195,
        "count": 9
      }
    },
    "transfer_entropy": 0.21550630060534146,
    "verdict": "WEAK \u2014 some ordering preserved"
  }
}