{
  "mass_slots": [
    0,
    6,
    7
  ],
  "rest_slots": [
    2,
    3,
    4,
    5
  ],
  "n_counterfactual_pairs": 3191,
  "counterfactual_accuracy": 0.422124725791288,
  "predictor_holdout_accuracy": 0.8666666746139526,
  "avg_mi_matrix": [
    [
      0.321937250853612,
      0.2273045075491845
    ],
    [
      0.2996770260045569,
      0.24004653588659197
    ],
    [
      0.32745456526474376,
      0.7251241472928049
    ],
    [
      0.3184842071643502,
      0.7073264488219697
    ],
    [
      0.24638358992040263,
      0.6611787358757583
    ],
    [
      0.27787797027341754,
      0.6943135591878484
    ],
    [
      0.7336549299870508,
      0.26187260754906716
    ],
    [
      0.673361970734655,
      0.30035763866919823
    ]
  ]
}