{
  "2x8_train_e": 0.9651972157772621,
  "2x8_train_f": 0.9686064318529862,
  "2x8_train_both": 0.9415041782729805,
  "2x8_holdout_e": 0.8945736434108527,
  "2x8_holdout_f": 0.9341085271317829,
  "2x8_holdout_both": 0.8286821705426357,
  "1x64_train_e": 0.9505027068832174,
  "1x64_train_f": 0.9540581929555896,
  "1x64_train_both": 0.9182915506035283,
  "1x64_holdout_e": 0.875968992248062,
  "1x64_holdout_f": 0.8534883720930233,
  "1x64_holdout_both": 0.7310077519379845,
  "2x8_posdis": 0.04757491175807715,
  "2x8_topsim": 0.6260399437242481,
  "2x8_entropy": [
    0.8572650157280213,
    0.8978545672890744
  ],
  "1x64_topsim": 0.38235355437249285,
  "1x64_entropy": [
    0.632645005522908
  ],
  "mode": "dino_pixel"
}