{
  "seeds": [
    42,
    123,
    456,
    789,
    1337
  ],
  "per_seed": [
    {
      "seed": 42,
      "oracle_both": 0.9497716894977168,
      "train_e": 0.9389017788089714,
      "train_f": 0.9816232771822359,
      "train_both": 0.9192200557103064,
      "holdout_e": 0.8434108527131783,
      "holdout_f": 0.8922480620155039,
      "holdout_both": 0.7356589147286822,
      "pos_dis": 0.04995299106506387,
      "topsim": 0.6234512993535192,
      "entropies": [
        0.8455685093866027,
        0.9458304158875123
      ],
      "mi_matrix": [
        [
          0.713737116726096,
          0.7315494437974319
        ],
        [
          0.8770993891019718,
          0.8108282020073699
        ]
      ],
      "best_mi_e": 0.8770993891019718,
      "best_mi_f": 0.8108282020073699,
      "nan_count": 0,
      "time_sec": 32.47164988517761
    },
    {
      "seed": 123,
      "oracle_both": 0.9558599695585996,
      "train_e": 0.9605568445475638,
      "train_f": 0.9640122511485452,
      "train_both": 0.9387186629526463,
      "holdout_e": 0.92015503875969,
      "holdout_f": 0.8596899224806202,
      "holdout_both": 0.7798449612403101,
      "pos_dis": 0.15296651020178348,
      "topsim": 0.6309213406315538,
      "entropies": [
        0.891711751438852,
        0.9000712399255124
      ],
      "mi_matrix": [
        [
          0.6493482152440262,
          0.853585376424796
        ],
        [
          0.7602862971188852,
          0.8145894954320931
        ]
      ],
      "best_mi_e": 0.7602862971188852,
      "best_mi_f": 0.853585376424796,
      "nan_count": 0,
      "time_sec": 31.454572200775146
    },
    {
      "seed": 456,
      "oracle_both": 0.9756468797564688,
      "train_e": 0.9528228924980665,
      "train_f": 0.9479326186830015,
      "train_both": 0.9182915506035283,
      "holdout_e": 0.8457364341085272,
      "holdout_f": 0.8875968992248062,
      "holdout_both": 0.7348837209302326,
      "pos_dis": 0.30742992553406806,
      "topsim": 0.6072503562535128,
      "entropies": [
        0.9413956619727253,
        0.7965192545865771
      ],
      "mi_matrix": [
        [
          0.7042850471035492,
          0.9044870378177876
        ],
        [
          0.8424158123493679,
          0.5109111029048099
        ]
      ],
      "best_mi_e": 0.8424158123493679,
      "best_mi_f": 0.9044870378177876,
      "nan_count": 0,
      "time_sec": 31.38918399810791
    },
    {
      "seed": 789,
      "oracle_both": 0.9771689497716894,
      "train_e": 0.9675174013921114,
      "train_f": 0.9586523736600306,
      "train_both": 0.9387186629526463,
      "holdout_e": 0.931782945736434,
      "holdout_f": 0.9116279069767442,
      "holdout_both": 0.8434108527131783,
      "pos_dis": 0.09846295609174659,
      "topsim": 0.5972956658743915,
      "entropies": [
        0.9563645727649518,
        0.9217011773003121
      ],
      "mi_matrix": [
        [
          0.8505447146350487,
          0.8950948063805337
        ],
        [
          0.7402089537255109,
          0.8679285911612639
        ]
      ],
      "best_mi_e": 0.8505447146350487,
      "best_mi_f": 0.8950948063805337,
      "nan_count": 0,
      "time_sec": 31.441148042678833
    },
    {
      "seed": 1337,
      "oracle_both": 0.9680365296803652,
      "train_e": 0.9505027068832174,
      "train_f": 0.9448698315467075,
      "train_both": 0.9062209842154132,
      "holdout_e": 0.8891472868217054,
      "holdout_f": 0.9007751937984496,
      "holdout_both": 0.789922480620155,
      "pos_dis": 0.3796506510343507,
      "topsim": 0.6332752070019748,
      "entropies": [
        0.8297216589988294,
        0.7535543671954088
      ],
      "mi_matrix": [
        [
          0.481972798472328,
          0.9300160512585159
        ],
        [
          0.761277255525477,
          0.5499903269745277
        ]
      ],
      "best_mi_e": 0.761277255525477,
      "best_mi_f": 0.9300160512585159,
      "nan_count": 1,
      "time_sec": 31.372196197509766
    }
  ],
  "summary": {
    "holdout_both_mean": 0.7767441860465116,
    "holdout_both_std": 0.04016970191108596,
    "pos_dis_mean": 0.19769260678540254,
    "pos_dis_std": 0.12555871163613772,
    "topsim_mean": 0.6184387738229905,
    "topsim_std": 0.013951855340663634,
    "best_mi_e_mean": 0.8183246937461501,
    "best_mi_e_std": 0.04836495062834294,
    "best_mi_f_mean": 0.8788022947778007,
    "best_mi_f_std": 0.04196277176595126
  },
  "config": {
    "receiver_reset_interval": 40,
    "comm_epochs": 200,
    "oracle_epochs": 100
  }
}