{
  "velocity_multipliers": [
    0.5,
    0.75,
    1.0,
    1.25,
    1.5
  ],
  "global_median_vel_b": 0.7280504200652256,
  "vjepa2_messages": {
    "0.5": {
      "mean": 0.590833330154419,
      "std": 0.015665226198409533,
      "seeds": [
        0.5854166746139526,
        0.574999988079071,
        0.574999988079071,
        0.5791666507720947,
        0.581250011920929,
        0.612500011920929,
        0.6145833134651184,
        0.581250011920929,
        0.5666666626930237,
        0.59375,
        0.5833333134651184,
        0.5708333253860474,
        0.6104166507720947,
        0.574999988079071,
        0.5854166746139526,
        0.5958333611488342,
        0.5979166626930237,
        0.6104166507720947,
        0.6104166507720947,
        0.612500011920929
      ],
      "n_train": 1920,
      "n_test": 480
    },
    "0.75": {
      "mean": 0.8323958277702331,
      "std": 0.025916148775584145,
      "seeds": [
        0.8354166746139526,
        0.8374999761581421,
        0.8041666746139526,
        0.8604166507720947,
        0.8729166388511658,
        0.8020833134651184,
        0.793749988079071,
        0.8083333373069763,
        0.8229166865348816,
        0.8229166865348816,
        0.8187500238418579,
        0.8604166507720947,
        0.8479166626930237,
        0.8520833253860474,
        0.824999988079071,
        0.8333333134651184,
        0.8125,
        0.8999999761581421,
        0.8208333253860474,
        0.8166666626930237
      ],
      "n_train": 1920,
      "n_test": 480
    },
    "1.0": {
      "mean": 0.870208340883255,
      "std": 0.01641872905772955,
      "seeds": [
        0.8500000238418579,
        0.875,
        0.8708333373069763,
        0.8604166507720947,
        0.8479166626930237,
        0.8812500238418579,
        0.8520833253860474,
        0.862500011920929,
        0.8687499761581421,
        0.8999999761581421,
        0.8895833492279053,
        0.8541666865348816,
        0.8895833492279053,
        0.8854166865348816,
        0.856249988079071,
        0.8458333611488342,
        0.8770833611488342,
        0.8895833492279053,
        0.8583333492279053,
        0.8895833492279053
      ],
      "n_train": 1920,
      "n_test": 480
    },
    "1.25": {
      "mean": 0.7324999988079071,
      "std": 0.022986631677265373,
      "seeds": [
        0.7208333611488342,
        0.7333333492279053,
        0.7270833253860474,
        0.768750011920929,
        0.7020833492279053,
        0.7166666388511658,
        0.7250000238418579,
        0.7333333492279053,
        0.7208333611488342,
        0.7354166507720947,
        0.7416666746139526,
        0.8104166388511658,
        0.7437499761581421,
        0.7395833134651184,
        0.7083333134651184,
        0.7229166626930237,
        0.737500011920929,
        0.7229166626930237,
        0.731249988079071,
        0.7083333134651184
      ],
      "n_train": 1920,
      "n_test": 480
    },
    "1.5": {
      "mean": 0.5698958277702332,
      "std": 0.018928264585788186,
      "seeds": [
        0.5958333611488342,
        0.5625,
        0.574999988079071,
        0.5770833492279053,
        0.543749988079071,
        0.5479166507720947,
        0.5833333134651184,
        0.543749988079071,
        0.5416666865348816,
        0.5854166746139526,
        0.5479166507720947,
        0.5479166507720947,
        0.5854166746139526,
        0.574999988079071,
        0.5666666626930237,
        0.5791666507720947,
        0.5874999761581421,
        0.5854166746139526,
        0.606249988079071,
        0.5604166388511658
      ],
      "n_train": 1920,
      "n_test": 480
    },
    "overall_mean": 0.7191666650772095,
    "overall_std": 0.12380365245398813
  },
  "dinov2_messages": {
    "0.5": {
      "mean": 0.5903124958276749,
      "std": 0.008821018079201551,
      "seeds": [
        0.5979166626930237,
        0.6000000238418579,
        0.5854166746139526,
        0.5916666388511658,
        0.5833333134651184,
        0.6000000238418579,
        0.5916666388511658,
        0.5916666388511658,
        0.5895833373069763,
        0.5958333611488342,
        0.5854166746139526,
        0.606249988079071,
        0.5916666388511658,
        0.574999988079071,
        0.5687500238418579,
        0.5895833373069763,
        0.5791666507720947,
        0.5916666388511658,
        0.6000000238418579,
        0.5916666388511658
      ],
      "n_train": 1920,
      "n_test": 480
    },
    "0.75": {
      "mean": 0.8172916769981384,
      "std": 0.028467059259826035,
      "seeds": [
        0.8458333611488342,
        0.8458333611488342,
        0.7916666865348816,
        0.793749988079071,
        0.8583333492279053,
        0.7833333611488342,
        0.84375,
        0.7895833253860474,
        0.8479166626930237,
        0.793749988079071,
        0.7875000238418579,
        0.8458333611488342,
        0.8500000238418579,
        0.8520833253860474,
        0.8458333611488342,
        0.7916666865348816,
        0.7979166507720947,
        0.800000011920929,
        0.793749988079071,
        0.7875000238418579
      ],
      "n_train": 1920,
      "n_test": 480
    },
    "1.0": {
      "mean": 0.9128125071525574,
      "std": 0.008392365688089173,
      "seeds": [
        0.9104166626930237,
        0.9020833373069763,
        0.9229166507720947,
        0.918749988079071,
        0.9041666388511658,
        0.9125000238418579,
        0.9125000238418579,
        0.9125000238418579,
        0.9145833253860474,
        0.9125000238418579,
        0.9104166626930237,
        0.9083333611488342,
        0.9270833134651184,
        0.9104166626930237,
        0.9125000238418579,
        0.8895833492279053,
        0.9083333611488342,
        0.9208333492279053,
        0.925000011920929,
        0.9208333492279053
      ],
      "n_train": 1920,
      "n_test": 480
    },
    "1.25": {
      "mean": 0.7555208265781402,
      "std": 0.02870373289204001,
      "seeds": [
        0.7666666507720947,
        0.768750011920929,
        0.7770833373069763,
        0.7708333134651184,
        0.7166666388511658,
        0.7666666507720947,
        0.7770833373069763,
        0.7041666507720947,
        0.7708333134651184,
        0.762499988079071,
        0.7729166746139526,
        0.78125,
        0.7770833373069763,
        0.762499988079071,
        0.7020833492279053,
        0.699999988079071,
        0.7666666507720947,
        0.7124999761581421,
        0.7854166626930237,
        0.768750011920929
      ],
      "n_train": 1920,
      "n_test": 480
    },
    "1.5": {
      "mean": 0.5693750023841858,
      "std": 0.020948635891375463,
      "seeds": [
        0.5833333134651184,
        0.5854166746139526,
        0.5770833492279053,
        0.5770833492279053,
        0.5562499761581421,
        0.5604166388511658,
        0.5604166388511658,
        0.5687500238418579,
        0.5416666865348816,
        0.574999988079071,
        0.5604166388511658,
        0.5416666865348816,
        0.6416666507720947,
        0.5645833611488342,
        0.5458333492279053,
        0.5770833492279053,
        0.5583333373069763,
        0.5770833492279053,
        0.5770833492279053,
        0.5583333373069763
      ],
      "n_train": 1920,
      "n_test": 480
    },
    "overall_mean": 0.7290625017881394,
    "overall_std": 0.13358257495093873
  },
  "vjepa2_raw": {
    "0.5": {
      "mean": 0.6234374970197678,
      "std": 0.032327770497097875,