{
  "config": {
    "encoder": "TemporalEncoder Conv1D",
    "dataset": "collision_dynamics",
    "n_scenes": 600,
    "n_frames": 24,
    "comm_epochs": 400,
    "n_seeds": 20,
    "vocab": "2x5",
    "IL_interval": 40
  },
  "per_seed": [
    {
      "seed": 0,
      "oracle_both": 0.9321766561514195,
      "train_e": 0.9276923076923077,
      "train_f": 0.9548929663608563,
      "train_both": 0.8992537313432836,
      "holdout_e": 0.8293250581846393,
      "holdout_f": 0.9224204809930179,
      "holdout_both": 0.7532971295577967,
      "pos_dis": 0.5204526568960391,
      "topsim": 0.6009872421532708,
      "entropies": [
        0.9798922669224542,
        0.9688018173035552
      ],
      "mi_matrix": [
        [
          0.7040251000040065,
          0.4619892041564459
        ],
        [
          0.28284163781185284,
          0.9338300533364648
        ]
      ],
      "best_mi_e": 0.7040251000040065,
      "best_mi_f": 0.9338300533364648,
      "nan_count": 0,
      "time_sec": 196.53259921073914
    },
    {
      "seed": 1,
      "oracle_both": 0.9416403785488959,
      "train_e": 0.9315384615384615,
      "train_f": 0.9747706422018348,
      "train_both": 0.9160447761194029,
      "holdout_e": 0.8068269976726145,
      "holdout_f": 0.9030256012412723,
      "holdout_both": 0.7121799844840963,
      "pos_dis": 0.29664870527296483,
      "topsim": 0.6446844866302623,
      "entropies": [
        0.9778645691090948,
        0.9908982478424365
      ],
      "mi_matrix": [
        [
          0.4933553781822919,
          0.7879275136478335
        ],
        [
          0.547241315124897,
          0.7010885454425115
        ]
      ],
      "best_mi_e": 0.547241315124897,
      "best_mi_f": 0.7879275136478335,
      "nan_count": 0,
      "time_sec": 196.01913714408875
    },
    {
      "seed": 2,
      "oracle_both": 0.9526813880126183,
      "train_e": 0.9346153846153846,
      "train_f": 0.9686544342507645,
      "train_both": 0.917910447761194,
      "holdout_e": 0.8533747090768037,
      "holdout_f": 0.8975950349107835,
      "holdout_both": 0.7517455391776571,
      "pos_dis": 0.23956971436904712,
      "topsim": 0.6576134358111492,
      "entropies": [
        0.9528868011847557,
        0.9466711226519244
      ],
      "mi_matrix": [
        [
          0.48478263927491616,
          0.7342147571205047
        ],
        [
          0.6042891538153766,
          0.5200433574897539
        ]
      ],
      "best_mi_e": 0.6042891538153766,
      "best_mi_f": 0.7342147571205047,
      "nan_count": 0,
      "time_sec": 195.8649001121521
    },
    {
      "seed": 3,
      "oracle_both": 0.943217665615142,
      "train_e": 0.9561538461538461,
      "train_f": 0.9762996941896025,
      "train_both": 0.933768656716418,
      "holdout_e": 0.8332040341349883,
      "holdout_f": 0.9418153607447634,
      "holdout_both": 0.7788983708301008,
      "pos_dis": 0.657536774038249,
      "topsim": 0.6399126412708653,
      "entropies": [
        0.9437003493139345,
        0.9931527117324156
      ],
      "mi_matrix": [
        [
          0.8044590036597049,
          0.3446927774937389
        ],
        [
          0.27557268813896557,
          1.0745723319103209
        ]
      ],
      "best_mi_e": 0.8044590036597049,
      "best_mi_f": 1.0745723319103209,
      "nan_count": 0,
      "time_sec": 195.90761590003967
    },
    {
      "seed": 4,
      "oracle_both": 0.9321766561514195,
      "train_e": 0.9423076923076923,
      "train_f": 0.9747706422018348,
      "train_both": 0.917910447761194,
      "holdout_e": 0.834755624515128,
      "holdout_f": 0.9115593483320403,
      "holdout_both": 0.7494181536074477,
      "pos_dis": 0.6698204793573386,
      "topsim": 0.6098812487712356,
      "entropies": [
        0.9928218195552374,
        0.9303952012206435
      ],
      "mi_matrix": [
        [
          0.25671399595471045,
          1.091614856872021
        ],
        [
          0.7217219402183443,
          0.306868967224892
        ]
      ],
      "best_mi_e": 0.7217219402183443,
      "best_mi_f": 1.091614856872021,
      "nan_count": 1,
      "time_sec": 195.9127459526062
    },
    {
      "seed": 5,
      "oracle_both": 0.9526813880126183,
      "train_e": 0.9438461538461539,
      "train_f": 0.9671253822629969,
      "train_both": 0.9235074626865671,
      "holdout_e": 0.8650116369278511,
      "holdout_f": 0.9239720713731575,
      "holdout_both": 0.7889837083010085,
      "pos_dis": 0.21793844283456792,
      "topsim": 0.6832772613425497,
      "entropies": [
        0.9877877021794791,
        0.9853928909283245
      ],
      "mi_matrix": [
        [
          0.5786383961233655,
          0.7230675621012296
        ],
        [
          0.5867152006144769,
          0.768084374243727
        ]
      ],
      "best_mi_e": 0.5867152006144769,
      "best_mi_f": 0.768084374243727,
      "nan_count": 1,
      "time_sec": 195.91963005065918
    },
    {
      "seed": 6,
      "oracle_both": 0.9558359621451105,
      "train_e": 0.9669230769230769,
      "train_f": 0.9671253822629969,
      "train_both": 0.9347014925373134,
      "holdout_e": 0.8572536850271528,
      "holdout_f": 0.9193173002327386,
      "holdout_both": 0.7765709852598914,
      "pos_dis": 0.51954456284989,
      "topsim": 0.651661235956771,
      "entropies": [
        0.990736283188157,
        0.9932393313232436
      ],
      "mi_matrix": [
        [
          0.3285920909930735,
          0.9929706437069281
        ],
        [
          0.7836000096080245,
          0.4936622396521743
        ]
      ],
      "best_mi_e": 0.7836000096080245,
      "best_mi_f": 0.9929706437069281,
      "nan_count": 0,
      "time_sec": 195.32960987091064
    },
    {
      "seed": 7,
      "oracle_both": 0.9511041009463722,
      "train_e": 0.9592307692307692,
      "train_f": 0.9686544342507645,
      "train_both": 0.9328358208955224,
      "holdout_e": 0.8370830100853375,
      "holdout_f": 0.86966640806827,
      "holdout_both": 0.7106283941039565,
      "pos_dis": 0.23558797435643067,
      "topsim": 0.6579611482000611,
      "entropies": [
        0.9793222106038973,
        0.9685560706156016
      ],
      "mi_matrix": [
        [
          0.5384275019025228,
          0.7028512931526385
        ],
        [
          0.49211754412521697,
          0.6451781278800441
        ]
      ],
      "best_mi_e": 0.5384275019025228,
      "best_mi_f": 0.7028512931526385,
      "nan_count": 0,
      "time_sec": 195.1084349155426
    },
    {
      "seed": 8,
      "oracle_both": 0.9495268138801262,
      "train_e": 0.9438461538461539,
      "train_f": 0.9655963302752294,
      "train_both": 0.9272388059701493,
      "holdout_e": 0.843289371605896,
      "holdout_f": 0.8867339022498061,
      "holdout_both": 0.7300232738557021,
      "pos_dis": 0.29127621706904455,
      "topsim": 0.6560931681225778,
      "entropies": [
        0.9655348345413067,
        0.9752933753839798
      ],
      "mi_matrix": [
        [
          0.4230809703485586,
          0.8719687734971032
        ],
        [
          0.6558448191931066,
          0.611408441501803
        ]
      ],
      "best_mi_e": 0.6558448191931066,
      "best_mi_f": 0.8719687734971032,
      "nan_count": 0,
      "time_sec": 196.0428991317749
    },
    {
      "seed": 9,
      "oracle_both": 0.9479495268138801,
      "train_e": 0.94,
      "train_f": 0.9548929663608563,
      "train_both": 0.9132462686567164,
      "holdout_e": 0.8207913110938713,
      "holdout_f": 0.8564778898370831,
      "holdout_both": 0.6811481768813034,
      "pos_dis": 0.21526243136798862,
      "topsim": 0.6816478504803342,
      "entropies": [
        0.9682688790049577,
        0.918534984537553
      ],
      "mi_matrix": [
        [
          0.5912428209474997,
          0.7417286822828046
        ],
        [
          0.5927091038620836,
          0.4577850747049601
        ]
      ],
      "best_mi_e": 0.5927091038620836,