{
  "unaligned": [
    [
      0.8693088765149034,
      0.7648214870619063,
      0.6007206026858828,
      0.6914510317720275,
      0.846053062561415
    ],
    [
      0.7615460203078939,
      0.7563052735014739,
      0.797903701277432,
      0.817884048476908,
      0.830003275466754
    ],
    [
      0.7821814608581723,
      0.8169014084507042,
      0.9210612512283001,
      0.8368817556501802,
      0.8188666885031117
    ],
    [
      0.7199475925319359,
      0.27972486079266295,
      0.6701604978709466,
      0.9050114641336391,
      0.5830330822142156
    ],
    [
      0.7687520471667213,
      0.8011791680314445,
      0.8237798886341303,
      0.8264002620373403,
      0.9515230920406158
    ]
  ],
  "aligned": [
    [
      0.8693088765149034,
      0.8175565018015067,
      0.8683262364886997,
      0.8208319685555192,
      0.9050114641336391
    ],
    [
      0.7517196200458566,
      0.7563052735014739,
      0.813953488372093,
      0.7428758598100229,
      0.830003275466754
    ],
    [
      0.8598100229282672,
      0.7206026858827382,
      0.9210612512283001,
      0.5961349492302653,
      0.8919095971175892
    ],
    [
      0.8028169014084507,
      0.6262692433671798,
      0.722895512610547,
      0.9050114641336391,
      0.8899443170651817
    ],
    [
      0.8493285293154275,
      0.7337045528987881,
      0.9374385849983623,
      0.813953488372093,
      0.9515230920406158
    ]
  ],
  "modalities": [
    "vjepa2",
    "dinov2",
    "clip",
    "text",
    "audio"
  ],
  "mean_improvement": 0.05784474287585981,
  "mean_aligned_offdiag": 0.799754339993449
}