{
  "vjepa2": {
    "avg_mi_mass": [
      0.4482793421587246,
      0.4391027103790711,
      0.42598100528118177,
      0.4585139188025648,
      0.4962861846577063,
      0.5114906863903577,
      0.45651624445482586,
      0.49910160364586964
    ],
    "avg_mi_obj": [
      0.11302349396175781,
      0.1041853544163753,
      0.13322850248876925,
      0.1289973267192631,
      0.15661316225526306,
      0.1536262895482609,
      0.11574375423325182,
      0.09088056530813714
    ],
    "total_mi_mass": 3.735271695770302,
    "total_mi_obj": 0.9962984489310783,
    "mass_obj_ratio": 3.7491493636046997,
    "avg_entropy": 0.7467283306192447
  },
  "dinov2": {
    "avg_mi_mass": [
      0.22655768705868704,
      0.20767914081112035,
      0.39313290291615555,
      0.3342643691327646,
      0.20077149476972775,
      0.29039640432442837,
      0.250114372827616,
      0.28934787527580885
    ],
    "avg_mi_obj": [
      0.036441517527731025,
      0.04643637388654026,
      0.09925935950734686,
      0.08668750065613014,
      0.06592995494516316,
      0.08781888749137237,
      0.04755653441016681,
      0.062290297212566445
    ],
    "total_mi_mass": 2.1922642471163085,
    "total_mi_obj": 0.5324204256370171,
    "mass_obj_ratio": 4.11754347045075,
    "avg_entropy": 0.5272013720301981
  },
  "clip": {
    "avg_mi_mass": [
      0.3009586604836635,
      0.2510470059791778,
      0.22679649584488004,
      0.22963945302519034,
      0.22699351564876147,
      0.22918084283955778,
      0.355232566070985,
      0.3279060932672142
    ],
    "avg_mi_obj": [
      0.18685842908035188,
      0.21295307895355542,
      0.09868454824916753,
      0.1272633166925142,
      0.12188712268581958,
      0.07799355161244591,
      0.18090579097118648,
      0.14519867631959923
    ],
    "total_mi_mass": 2.14775463315943,
    "total_mi_obj": 1.15174451456464,
    "mass_obj_ratio": 1.8647839047631865,
    "avg_entropy": 0.5174046103503588
  },
  "hypothesis": "CONFIRMED: CLIP has relatively MORE object MI and LESS mass MI than self-supervised models"
}